1,短小色鉛筆
2,退職届
3,タチバサミ
4,低スぺPC
5,ｵﾍﾟｱﾝﾌﾟｸﾜｶﾞﾀ
6,カツ
7,ﾕﾘﾚｲｽﾞｵｵｶﾌﾞﾄ
8,20歳の自分へ
9,ビン底メガネ
10,ザンゲフォックス
11,ポメラニアン
12,ココアプリン
13,みかんゼリー
14,オペアンプカニ
15,ｵｵﾅﾒｸｼﾞｬｯｸ
16,ざくろ猫
17,クソマムシ
18,モビモビ
19,ロストタワー
20,メカめ
21,捕食者
22,ｼﾝｸﾛﾅｲｽﾞﾄﾞｽｲﾐﾝｸﾞ
23,ジャックッキー
24,フロッグシグマ
25,石掘り男
26,くもざくろ
27,ジャミック
28,フェアリーじゃっく
29,コオリトリ
30,虐待羊
31,マザイゼリー
32,ジャックマリン
33,スナヒトデ
34,ﾌﾞﾗｺﾞﾘﾗｻﾞｳﾙｽ
35,ﾄﾞﾁｸｼｮﾋﾟﾖﾘｻﾞｳﾙｽ
36,ブルーシーカー
37,
38,おマンティス
39,ノイズロブスター
40,給料袋
41,ナナホシグマ
42,ホモビ型ロボット
43,きらめきニンジン
44,フーセンダコ
45,ユリクネ
46,マリキオス
47,ポメマリン
48,森の妖精
49,珍珍
50,ヌマファラオ
51,ポメティ
52,ブンブンキラー
53,詫び石マン
54,
55,シューシェーレ
56,
57,ヤルキナイル
58,ナイチンゲール
59,バクシマンティス
60,リンゴルゴーン
61,マリザード
62,ペインブレード
63,ジリジリ
64,イキリトリ
65,黒歴史
66,フサーケン
67,スマイルアンカー
68,セブンウォーカー
69,アザポッド
70,ツァーリウォーカー
71,ホモビキャノン
72,アルバイト傭兵
73,トゥルンキャノン
74,エスピーズ
75,おちちんバハムート
76,アマゾンマシン
77,オリジンボンバ
78,スーパージリジリ
79,ウオウオホームレス
80,ゴジゴジモンゲー
81,マコトニアザトース
82,ファンタコブラ
83,パートスナイパー
84,パンチラボックス
85,ﾒﾀﾙﾎﾟﾒﾗﾆｱﾝ
86,ｺﾞｰﾙﾄﾞﾎﾟﾒﾗﾆｱﾝ
87,メタポメティ
88,フォートファルチェ
89,
90,ﾌﾟﾙｰﾄｩﾙﾝﾄｩﾙﾝ
91,リリーキャロライン
92,サイクロプス
93,BTT Mk=2
94,Venきなこ
95,メカめ一等兵
96,メカめ二等兵
97,メカめ三等兵
98,ラップフォックス
99,ナンモナイト
100,
101,Venバギー
102,ジャングル高橋
103,
104,ヘルハウンドスコイ
105,フサキン
106,マリキン
107,フサキン
108,マリキン
109,タンス
110,キャビネット
111,掛絵
112,ランプ
113,本棚
114,落ちてる紙
115,開いたままの本
116,ベノムケーキ
117,ガンギマリガイ
118,バンデージボックス
119,ジャーマン
120,森風
121,ホモビユーフォニアム
122,ジャングル高橋
123,ジャングルマザーZ
124,ジャングルマザーZ
125,フォレスト
126,ウッズ
127,キリミ
128,キリミ
129,ヘルハウンドスコイ
130,ヘルメガロドン
131,UNKNOWN
132,UNKNOWN
133,ヴァニタス
134,ヴァニタス
135,ジェラルディ
136,
137,●最初ホモビ
138,ホモビ型ロボット
139,ホモビ型ロボット
140,カレーパンマリキン
141,ナイチンゲールオメガ
142,アルファトロフィ
143,ホモンクルス
144,モビルスローン
145,パンティーマシン
146,カオスチンパンジー
147,ネオチンポコザウルス
148,
149,モビルスローン登場
150,
151,サテライトバベル
152,カタストロフィ
153,カタストロフィ
154,カタストロフィ
155,●●●●●●●●●●●●●
156,ヘルハウンドスコイ
157,キングオブザ･ウルス
158,太陽
159,太陽
160,太陽
161,セキゴウゲソ
162,？？？
163,
164,タチバサミ
165,短小色鉛筆
166,ｵﾍﾟｱﾝﾌﾟｸﾜｶﾞﾀ
167,ﾕﾘﾚｲｽﾞｵｵｶﾌﾞﾄ
168,
169,オペアンプカニ
170,ココアプリン
171,ｼﾝｸﾛﾅｲｽﾞﾄﾞｽｲﾐﾝｸﾞ
172,ﾌﾞﾗｺﾞﾘﾗｻﾞｳﾙｽ
173,ﾄﾞﾁｸｼｮﾋﾟﾖﾘｻﾞｳﾙｽ
174,
175,くもざくろ
176,ユリクネ
177,捕食者
178,
179,モビモビ
180,ロストタワー
181,
182,ｵﾍﾟｱﾝﾌﾟｸﾜｶﾞﾀ
183,ﾕﾘﾚｲｽﾞｵｵｶﾌﾞﾄ
184,ノイズロブスター
185,ブンブンキラー
186,ｼﾐｭﾚｰﾄ･ﾌﾟﾙｰﾄｩﾙﾝﾄｩﾙﾝ
187,
188,シューシェーレ
189,ポメティ
190,ｼﾐｭﾚｰﾄ･ｷｬﾛﾗｲﾝ
191,
192,マリザード
193,ジリジリ
194,イキリトリ
195,ｼﾐｭﾚｰﾄ･ｻｲｸﾛﾌﾟｽ
196,
197,スマイルアンカー
198,フサーケン
199,パンチラボックス
200,ｼﾐｭﾚｰﾄ･BTT Mk=2
201,
202,ウオウオホームレス
203,ゴジゴジモンゲー
204,パートスナイパー
205,エスピーズ
206,ｼﾐｭﾚｰﾄ･Venきなこ
207,
208,ｼﾐｭﾚｰﾄ･森風
209,ｼﾐｭﾚｰﾄ･ｼﾞｬﾝｸﾞﾙ高橋
210,マコトニアザトース
211,ｼﾐｭﾚｰﾄ･ﾌｫﾚｽﾄ
212,ｼﾐｭﾚｰﾄ･ｳｯｽﾞ
213,
214,カオスチンパンジー
215,サテライトバベル
216,クリムゾンハイジ
217,
218,ｼﾐｭﾚｰﾄ･UNKNOWN
219,ｼﾐｭﾚｰﾄ･UNKNOWN
220,ｼﾐｭﾚｰﾄ･ｷﾘﾐ
221,
222,ｼﾐｭﾚｰﾄ･ｼﾞｪﾗﾙﾃﾞｨ
223,テスター･J 
224,
225,ｼﾐｭﾚｰﾄ･ｳﾞｧﾆﾀｽ
226,
227,ｼﾐｭﾚｰﾄ･ｶﾀｽﾄﾛﾌｨ
228,ｼﾐｭﾚｰﾄ･ｶﾀｽﾄﾛﾌｨ
229,ジャミウォック
230,ラップイヤドラゴン
231,沼の王 アザゲーター
232,
233,ｷﾝｸﾞﾒﾀﾙﾎﾟﾒﾗﾆｱﾝ
234,●●●●●●●●●●●
235,●●●●●●●●●●●
236,短小色鉛筆
237,みかんゼリー
238,ｵｵﾅﾒｸｼﾞｬｯｸ
239,フロッグシグマ
240,ナナホシグマ
241,シグマンドラ
242,
243,タチバサミ
244,低スぺPC
245,ｵﾍﾟｱﾝﾌﾟｸﾜｶﾞﾀ
246,ﾕﾘﾚｲｽﾞｵｵｶﾌﾞﾄ
247,カツ
248,20歳の自分へ
249,ビン底メガネ
250,ザンゲフォックス
251,ポメラニアン
252,ココアプリン
253,きらめきニンジン
254,森の妖精
255,
256,ざくろ猫
257,オペアンプカニ
258,クソマムシ
259,ロストタワー
260,メカめ
261,捕食者
262,ｼﾝｸﾛﾅｲｽﾞﾄﾞｽｲﾐﾝｸﾞ
263,ジャックッキー
264,石掘り男
265,くもざくろ
266,フェアリーじゃっく
267,ジャックマリン
268,スナヒトデ
269,ポメマリン
270,フーセンダコ
271,珍珍
272,ヌマファラオ
273,ポメティ
274,ブンブンキラー
275,シューシェーレ
276,ブルーシーカー
277,マザイゼリー
278,コオリトリ
279,虐待羊
280,マリキオス
281,詫び石マン
282,ラップフォックス
283,ノイズロブスター
284,
285,ジャミック
286,ﾌﾞﾗｺﾞﾘﾗｻﾞｳﾙｽ
287,ﾄﾞﾁｸｼｮﾋﾟﾖﾘｻﾞｳﾙｽ
288,おマンティス
289,ホモビ型ロボット
290,ユリクネ
291,ヤルキナイル
292,ジリジリ
293,イキリトリ
294,黒歴史
295,フサーケン
296,スマイルアンカー
297,ナンモナイト
298,ジャーマン
299,ナイチンゲール
300,セブンウォーカー
301,アザポッド
302,ツァーリウォーカー
303,アルバイト傭兵
304,ネアンデールバチチ人
305,
306,モビモビ
307,バクシマンティス
308,リンゴルゴーン
309,マリザード
310,ペインブレード
311,エスピーズ
312,ホモビキャノン
313,アマゾンマシン
314,オリジンボンバ
315,スーパージリジリ
316,ウオウオホームレス
317,ゴジゴジモンゲー
318,マコトニアザトース
319,ﾒﾀﾙﾎﾟﾒﾗﾆｱﾝ
320,おちちんバハムート
321,ファンタコブラ
322,パートスナイパー
323,フォートファルチェ
324,カレーパンマリキン
325,ナイチンゲールオメガ
326,アルファトロフィ
327,ベノムケーキ
328,ガンギマリガイ
329,セキゴウゲソ
330,バンデージボックス
331,パンティーマシン
332,パンチラボックス
333,デルタスクレイパー
334,ジャミューダ
335,パラメンダー
336,ディスカード
337,
338,トゥルンキャノン
339,モビルスローン
340,ホモンクルス
341,カオスチンパンジー
342,サテライトバベル
343,メタポメティ
344,ﾌﾟﾙｰﾄｩﾙﾝﾄｩﾙﾝ
345,リリーキャロライン
346,サイクロプス
347,BTT Mk=2
348,ネオチンポコザウルス
349,
350,
351,
352,
353,イルミネーター
354,ガイポンギフト
355,イービルスパイン
356,ーーーーーーーーーーーーーーー
357,Conductor Enemy
358,ーーーーーーーーーーーーーーー
359,ジャミック
360,ジャーマン
361,セキゴウゲソ
362,
363,
364,
365,
366,
367,
368,
369,
370,ペインブレード
371,ジリジリ
372,フォートファルチェ
373,
374,プレデレクス
375,
376,沼の王 アザゲーター
377,
378,
379,スーパージリジリ
380,パンティーマシン
381,クリムゾンハイジ
382,サテライトバベル
383,テスター･J 
384,ジャミウォック
385,
386,リリーキャロライン
387,
388,BTT Mk=2
389,アラクス=G
390,★テスト390
391,★テスト391
392,ヘルハウンドスコイ
393,ベテラン研修兵
394,
395,ベテラン研修兵
396,フワンソワ
397,
398,
399,リヴァイアハイ
400,アラクス
401,
402,フサキン
403,マリキン
404,
405,
406,
407,マリキン
408,マリキン
409,マリキン
410,マリキン
411,フサキン
412,フサキン
413,フサキン
414,フサキン
415,フサキン
416,フサキン
417,フサキン
418,フサキン
419,フサキン
420,フサキン
421,
422,マリキン
423,マリキン
424,マリキン
425,マリキン
426,
427,ﾒﾀﾙﾎﾟﾒﾗﾆｱﾝ
428,サイクロプス
429,サイクロプス
430,ﾌﾞﾗｺﾞﾘﾗｻﾞｳﾙｽ
431,ﾄﾞﾁｸｼｮﾋﾟﾖﾘｻﾞｳﾙｽ
432,ファンタコブラ
433,ホモビ型ロボット
434,ホモビ型ロボット
435,超越者
436,超越者
437,超越者
438,超越者
439,
440,超越者
441,超越者
442,超越者
443,
444,超越者
445,超越者
446,超越者
447,
448,超越者
449,超越者
450,超越者
451,
452,超越者
453,超越者
454,超越者
455,
456,超越者
457,超越者
458,超越者
459,
460,超越者
461,超越者
462,超越者
463,
464,超越者
465,超越者
466,超越者
467,
468,超越者
469,超越者
470,超越者
471,
472,超越者
473,超越者
474,超越者
475,
476,超越者
477,超越者
478,超越者
479,
480,超越者
481,超越者
482,超越者
483,
484,超越者
485,超越者
486,超越者
487,
488,超越者
489,超越者
490,超越者
491,
492,超越者
493,超越者
494,超越者
495,
496,超越者
497,超越者
498,超越者
499,
500,超越者
501,超越者
502,超越者
503,
504,
505,
506,
507,
508,
509,
510,
511,
512,
513,
514,
515,
516,
517,
518,
519,
520,
521,
522,キリミ
523,キリミ
524,キリミ
525,
526,キリミ
527,キリミ
528,キリミ
529,キリミ
530,
531,キリミ
532,キリミ
533,ヘルハウンドスコイ
534,ヘルハウンドスコイ
535,ヘルハウンドスコイ
536,ヘルハウンドスコイ
537,ヘルハウンドスコイ
538,ヘルハウンドスコイ
539,
540,
541,
542,
543,モビルスローン登場
544,モビルスローン
545,モビルスローン
546,モビルスローン
547,モビルスローン
548,モビルスローン
549,
550,
551,
552,テスター･J 登場
553,テスター･J 
554,テスター･J 
555,テスター･J 
556,テスター･J 
557,
558,
559,
560,
561,ジャングル高橋
562,キリミ
563,
564,ｼﾐｭﾚｰﾄ･森風
565,ｼﾐｭﾚｰﾄ･ｼﾞｬﾝｸﾞﾙ高橋
566,ｼﾐｭﾚｰﾄ･ｼﾞｬﾝｸﾞﾙ高橋
567,ヘルメガロドン改
568,ヘルメガロドン改
569,ｼﾐｭﾚｰﾄ･ｼﾞｬﾝｸﾞﾙ高橋
570,ｼﾐｭﾚｰﾄ･ｼﾞｬﾝｸﾞﾙ高橋
571,シグマンドラ
572,ネアンデールバチチ人
573,サイボーグゲラ原人
574,デルタスクレイパー
575,ジャミューダ
576,パラメンダー
577,ディスカード
578,イルミネーター
579,ガイポンギフト
580,突起物王者ちんキング
581,イービルスパイン
582,クリムゾンハイジ
583,ｼﾐｭﾚｰﾄ･ｷﾘﾐ
584,キリミ
585,
586,キリミ
587,ダミードールA
588,ダミードールB
589,
590,執行人
591,
592,クインラミア
593,
594,
595,
596,ダミードールA
597,ダミードールB
598,ダミードールA
599,ダミードールB
600,
601,
602,
603,
604,
605,オートマーダ
606,
607,------------------------
608,
609,ネアンデールバチチ人
610,デルタスクレイパー
611,ジャミューダ
612,パラメンダー
613,ディスカード
614,イルミネーター
615,ガイポンギフト
616,イービルスパイン
617,
618,風珍
619,雷珍
620,
621,暴乱の珍風
622,暴迅の珍雷
623,ホモビ型ロボット
624,ﾌﾟﾙｰﾄｩﾙﾝﾄｩﾙﾝ
625,リリーキャロライン
626,パンチラボックス
627,ファンタコブラ
628,ジャミック
629,ナイチンゲールオメガ
630,カオスチンパンジー
631,スマイルアンカー
632,サイクロプス
633,マコトニアザトース
634,BTT Mk=2
635,
636,きらめきニンジン
637,絶対にカツ
638,
639,デスポスト
640,ウッカリマケン
641,走死走愛B・J・S
642,ノロポスト
643,
644,●●●●●●●●●●
645,鼻毛切り
646,鼻毛切り
647,シューシェーレ
648,シューシェーレ
649,シューシェーレ
650,ペインブレード
651,ペインブレード
652,ペインブレード
653,短小色鉛筆
654,短小色鉛筆
655,短小色鉛筆
656,短小色鉛筆
657,短小色鉛筆
658,短小色鉛筆
659,退職届
660,退職届
661,退職届
662,低スぺPC
663,低スぺPC
664,ｵﾍﾟｱﾝﾌﾟｸﾜｶﾞﾀ
665,ｵﾍﾟｱﾝﾌﾟｸﾜｶﾞﾀ
666,ｵﾍﾟｱﾝﾌﾟｸﾜｶﾞﾀ
667,ｵﾍﾟｱﾝﾌﾟｸﾜｶﾞﾀ
668,ｵﾍﾟｱﾝﾌﾟｸﾜｶﾞﾀ
669,ﾕﾘﾚｲｽﾞｵｵｶﾌﾞﾄ
670,ﾕﾘﾚｲｽﾞｵｵｶﾌﾞﾄ
671,ﾕﾘﾚｲｽﾞｵｵｶﾌﾞﾄ
672,ﾕﾘﾚｲｽﾞｵｵｶﾌﾞﾄ
673,ﾕﾘﾚｲｽﾞｵｵｶﾌﾞﾄ
674,森の妖精
675,森の妖精
676,森の妖精
677,森の妖精
678,森の妖精
679,森の妖精
680,森の妖精
681,ブンブンキラー
682,ブンブンキラー
683,ブンブンキラー
684,ブンブンキラー
685,ブンブンキラー
686,ブンブンキラー
687,ブンブンキラー
688,カツ
689,カツ
690,カツ
691,カツ
692,カツ
693,20歳の自分へ
694,20歳の自分へ
695,20歳の自分へ
696,20歳の自分へ
697,20歳の自分へ
698,20歳の自分へ
699,20歳の自分へ
700,ビン底メガネ
701,ビン底メガネ
702,ビン底メガネ
703,ビン底メガネ
704,ザンゲフォックス
705,ザンゲフォックス
706,ザンゲフォックス
707,ザンゲフォックス
708,ザンゲフォックス
709,ザンゲフォックス
710,ザンゲフォックス
711,ポメラニアン
712,ポメラニアン
713,ポメラニアン
714,ポメラニアン
715,ポメラニアン
716,ポメラニアン
717,ポメラニアン
718,ポメラニアン
719,ココアプリン
720,ココアプリン
721,ココアプリン
722,ココアプリン
723,ココアプリン
724,ココアプリン
725,みかんゼリー
726,みかんゼリー
727,みかんゼリー
728,みかんゼリー
729,みかんゼリー
730,みかんゼリー
731,オペアンプカニ
732,オペアンプカニ
733,オペアンプカニ
734,オペアンプカニ
735,オペアンプカニ
736,オペアンプカニ
737,オペアンプカニ
738,オペアンプカニ
739,ノイズロブスター
740,ノイズロブスター
741,ノイズロブスター
742,ノイズロブスター
743,ノイズロブスター
744,ノイズロブスター
745,ノイズロブスター
746,ｵｵﾅﾒｸｼﾞｬｯｸ
747,ｵｵﾅﾒｸｼﾞｬｯｸ
748,ｵｵﾅﾒｸｼﾞｬｯｸ
749,ざくろ猫
750,ざくろ猫
751,ざくろ猫
752,クソマムシ
753,クソマムシ
754,クソマムシ
755,クソマムシ
756,クソマムシ
757,クソマムシ
758,クソマムシ
759,モビモビ
760,モビモビ
761,ロストタワー
762,ロストタワー
763,ロストタワー
764,メカめ
765,メカめ
766,メカめ
767,メカめ
768,メカめ
769,メカめ
770,メカめ
771,メカめ
772,メカめ
773,フェアリーじゃっく
774,フェアリーじゃっく
775,フェアリーじゃっく
776,フェアリーじゃっく
777,フェアリーじゃっく
778,フェアリーじゃっく
779,フェアリーじゃっく
780,捕食者
781,捕食者
782,捕食者
783,捕食者
784,捕食者
785,捕食者
786,ｼﾝｸﾛﾅｲｽﾞﾄﾞｽｲﾐﾝｸﾞ
787,ジャックッキー
788,ジャックッキー
789,ジャックッキー
790,ジャックッキー
791,ジャックッキー
792,フロッグシグマ
793,フロッグシグマ
794,フロッグシグマ
795,フロッグシグマ
796,フロッグシグマ
797,石掘り男
798,石掘り男
799,石掘り男
800,石掘り男
801,石掘り男
802,石掘り男
803,くもざくろ
804,くもざくろ
805,くもざくろ
806,くもざくろ
807,くもざくろ
808,くもざくろ
809,くもざくろ
810,くもざくろ
811,ジャミック
812,ジャミック
813,ジャミック
814,ジャミック
815,ジャミック
816,ジャミック
817,詫び石マン
818,詫び石マン
819,詫び石マン
820,詫び石マン
821,詫び石マン
822,詫び石マン
823,ユリクネ
824,ユリクネ
825,ユリクネ
826,ユリクネ
827,ユリクネ
828,ユリクネ
829,ユリクネ
830,ユリクネ
831,パンチラボックス
832,パンチラボックス
833,パンチラボックス
834,パンチラボックス
835,パンチラボックス
836,パンチラボックス
837,マリキオス
838,マリキオス
839,マリキオス
840,マリザード
841,マリザード
842,マリザード
843,コオリトリ
844,コオリトリ
845,イキリトリ
846,イキリトリ
847,虐待羊
848,虐待羊
849,虐待羊
850,スナヒトデ
851,
852,
853,
854,
855,マザイゼリー
856,マザイゼリー
857,マザイゼリー
858,マザイゼリー
859,マザイゼリー
860,マザイゼリー
861,ジャックマリン
862,ジャックマリン
863,ジャックマリン
864,ジャックマリン
865,ジャックマリン
866,ジャックマリン
867,ジャックマリン
868,ジャックマリン
869,ﾌﾞﾗｺﾞﾘﾗｻﾞｳﾙｽ
870,ﾌﾞﾗｺﾞﾘﾗｻﾞｳﾙｽ
871,ﾌﾞﾗｺﾞﾘﾗｻﾞｳﾙｽ
872,ﾄﾞﾁｸｼｮﾋﾟﾖﾘｻﾞｳﾙｽ
873,ﾄﾞﾁｸｼｮﾋﾟﾖﾘｻﾞｳﾙｽ
874,ﾄﾞﾁｸｼｮﾋﾟﾖﾘｻﾞｳﾙｽ
875,ﾄﾞﾁｸｼｮﾋﾟﾖﾘｻﾞｳﾙｽ
876,ﾄﾞﾁｸｼｮﾋﾟﾖﾘｻﾞｳﾙｽ
877,ﾄﾞﾁｸｼｮﾋﾟﾖﾘｻﾞｳﾙｽ
878,ﾄﾞﾁｸｼｮﾋﾟﾖﾘｻﾞｳﾙｽ
879,ブルーシーカー
880,ブルーシーカー
881,ブルーシーカー
882,ブルーシーカー
883,ブルーシーカー
884,ジリジリ
885,ジリジリ
886,ジリジリ
887,ジリジリ
888,ジリジリ
889,スーパージリジリ
890,スーパージリジリ
891,スーパージリジリ
892,スーパージリジリ
893,スーパージリジリ
894,おマンティス
895,おマンティス
896,おマンティス
897,おマンティス
898,おマンティス
899,おマンティス
900,おマンティス
901,おマンティス
902,おマンティス
903,おマンティス
904,イケヌマンティス
905,イケヌマンティス
906,イケヌマンティス
907,イケヌマンティス
908,イケヌマンティス
909,イケヌマンティス
910,給料袋
911,給料袋
912,給料袋
913,給料袋
914,給料袋
915,給料袋
916,給料袋
917,給料袋
918,ナナホシグマ
919,ナナホシグマ
920,ナナホシグマ
921,ナナホシグマ
922,ナナホシグマ
923,ナナホシグマ
924,ホモビ型ロボット
925,ホモビ型ロボット
926,ホモビ型ロボット
927,ホモビ型ロボット
928,ホモビ型ロボット
929,ホモビ型ロボット
930,ホモビ型ロボット
931,ホモビ型ロボット
932,ホモビ型ロボット
933,きらめきニンジン
934,きらめきニンジン
935,きらめきニンジン
936,きらめきニンジン
937,きらめきニンジン
938,きらめきニンジン
939,フーセンダコ
940,フーセンダコ
941,フーセンダコ
942,フーセンダコ
943,フーセンダコ
944,フーセンダコ
945,ポメマリン
946,ポメマリン
947,ポメマリン
948,ポメマリン
949,ポメマリン
950,ポメマリン
951,ポメマリン
952,ポメマリン
953,ポメマリン
954,ポメマリン
955,ポメマリン
956,珍珍
957,ヌマファラオ
958,ヌマファラオ
959,ヌマファラオ
960,ヌマファラオ
961,ヌマファラオ
962,ポメティ
963,ポメティ
964,ポメティ
965,ナイチンゲール
966,ナイチンゲール
967,ナイチンゲール
968,ナイチンゲール
969,ヤルキナイル
970,ヤルキナイル
971,ヤルキナイル
972,ヤルキナイル
973,ヤルキナイル
974,リンゴルゴーン
975,リンゴルゴーン
976,リンゴルゴーン
977,リンゴルゴーン
978,リンゴルゴーン
979,リンゴルゴーン
980,黒歴史
981,黒歴史
982,黒歴史
983,黒歴史
984,フサーケン
985,フサーケン
986,フサーケン
987,スマイルアンカー
988,スマイルアンカー
989,スマイルアンカー
990,スマイルアンカー
991,スマイルアンカー
992,セブンウォーカー
993,セブンウォーカー
994,アザポッド
995,アザポッド
996,ツァーリウォーカー
997,ツァーリウォーカー
998,ホモビキャノン
999,トゥルンキャノン
1000,トゥルンキャノン
1001,トゥルンキャノン
1002,トゥルンキャノン
1003,トゥルンキャノン
1004,ハイホモビ
1005,ハイホモビ
1006,ハイホモビ
1007,ハイホモビ
1008,ハイホモビ
1009,アルバイト傭兵
1010,アルバイト傭兵
1011,アルバイト傭兵
1012,パートスナイパー
1013,パートスナイパー
1014,パートスナイパー
1015,イケヌマフィア
1016,イケヌマフィア
1017,イケヌマフィア
1018,イケヌマフィア
1019,おちちんバハムート
1020,おちちんバハムート
1021,おちちんバハムート
1022,ネオチンポコザウルス
1023,ネオチンポコザウルス
1024,ネオチンポコザウルス
1025,アマゾンマシン
1026,アマゾンマシン
1027,オリジンボンバ
1028,オリジンボンバ
1029,ウオウオホームレス
1030,ウオウオホームレス
1031,ウオウオホームレス
1032,ゴジゴジモンゲー
1033,ゴジゴジモンゲー
1034,ゴジゴジモンゲー
1035,ゴジゴジモンゲー
1036,ゴジゴジモンゲー
1037,ゴジゴジモンゲー
1038,ゴジゴジモンゲー
1039,マコトニアザトース
1040,マコトニアザトース
1041,マコトニアザトース
1042,マコトニアザトース
1043,ファンタコブラ
1044,ファンタコブラ
1045,ファンタコブラ
1046,ファンタコブラ
1047,ファンタコブラ
1048,ファンタコブラ
1049,ﾒﾀﾙﾎﾟﾒﾗﾆｱﾝ
1050,ｺﾞｰﾙﾄﾞﾎﾟﾒﾗﾆｱﾝ
1051,ｺﾞｰﾙﾄﾞﾎﾟﾒﾗﾆｱﾝ
1052,ｺﾞｰﾙﾄﾞﾎﾟﾒﾗﾆｱﾝ
1053,ｺﾞｰﾙﾄﾞﾎﾟﾒﾗﾆｱﾝ
1054,ｺﾞｰﾙﾄﾞﾎﾟﾒﾗﾆｱﾝ
1055,メタポメティ
1056,メタポメティ
1057,メタポメティ
1058,メタポメティ
1059,メタポメティ
1060,メタポメティ
1061,フォートファルチェ
1062,フォートファルチェ
1063,フォートファルチェ
1064,フォートファルチェ
1065,フォートファルチェ
1066,ラップフォックス
1067,ラップフォックス
1068,ラップフォックス
1069,ラップフォックス
1070,ラップフォックス
1071,ラップフォックス
1072,ラップフォックス
1073,ﾒﾀﾙﾎﾟﾒﾗﾆｱﾝ
1074,ﾒﾀﾙﾎﾟﾒﾗﾆｱﾝ
1075,ﾒﾀﾙﾎﾟﾒﾗﾆｱﾝ
1076,ﾒﾀﾙﾎﾟﾒﾗﾆｱﾝ
1077,ﾒﾀﾙﾎﾟﾒﾗﾆｱﾝ
1078,ベノムケーキ
1079,ベノムケーキ
1080,ベノムケーキ
1081,ベノムケーキ
1082,ベノムケーキ
1083,ベノムケーキ
1084,バンデージボックス
1085,バンデージボックス
1086,バンデージボックス
1087,バンデージボックス
1088,バンデージボックス
1089,セキゴウゲソ
1090,セキゴウゲソ
1091,セキゴウゲソ
1092,クリムゾンハイジ
1093,クリムゾンハイジ
1094,クリムゾンハイジ
1095,ジャーマン
1096,ジャーマン
1097,ジャーマン
1098,ジャーマン
1099,ジャーマン
1100,ジャーマン
1101,ジャーマン
1102,ナンモナイト
1103,ナンモナイト
1104,ナンモナイト
1105,ナンモナイト
1106,ナンモナイト
1107,ナンモナイト
1108,ガンギマリガイ
1109,ガンギマリガイ
1110,ガンギマリガイ
1111,ガンギマリガイ
1112,ガンギマリガイ
1113,ガンギマリガイ
1114,カレーパンマリキン
1115,カレーパンマリキン
1116,カレーパンマリキン
1117,カレーパンマリキン
1118,カレーパンマリキン
1119,カレーパンマリキン
1120,カレーパンマリキン
1121,ベテラン研修兵
1122,ベテラン研修兵
1123,ベテラン研修兵
1124,ナイチンゲールオメガ
1125,ナイチンゲールオメガ
1126,ナイチンゲールオメガ
1127,ナイチンゲールオメガ
1128,ナイチンゲールオメガ
1129,ナイチンゲールオメガ
1130,ナイチンゲールオメガ
1131,ナイチンゲールオメガ
1132,ナイチンゲールオメガ
1133,ナイチンゲールオメガ
1134,カオスチンパンジー
1135,カオスチンパンジー
1136,カオスチンパンジー
1137,カオスチンパンジー
1138,カオスチンパンジー
1139,カオスチンパンジー
1140,カオスチンパンジー
1141,カオスチンパンジー
1142,カオスチンパンジー
1143,カオスチンパンジー
1144,イルミネーター
1145,イルミネーター
1146,イルミネーター
1147,イルミネーター
1148,イルミネーター
1149,イルミネーター
1150,イルミネーター
1151,イルミネーター
1152,イルミネーター
1153,イルミネーター
1154,ナイチンゲールベータ
1155,サテライトバベル
1156,ホモンクルス
1157,ホモンクルス
1158,ホモンクルス
1159,ホモンクルス
1160,ホモンクルス
1161,ホモンクルス
1162,ホモンクルス
1163,シグマンドラ
1164,シグマンドラ
1165,シグマンドラ
1166,シグマンドラ
1167,シグマンドラ
1168,シグマンドラ
1169,シグマンドラ
1170,シグマンドラ
1171,ネアンデールバチチ人
1172,ネアンデールバチチ人
1173,ネアンデールバチチ人
1174,ネアンデールバチチ人
1175,ネアンデールバチチ人
1176,サイボーグゲラ原人
1177,サイボーグゲラ原人
1178,サイボーグゲラ原人
1179,サイボーグゲラ原人
1180,サイボーグゲラ原人
1181,デルタスクレイパー
1182,デルタスクレイパー
1183,デルタスクレイパー
1184,デルタスクレイパー
1185,ジャミューダ
1186,ジャミューダ
1187,ジャミューダ
1188,ジャミューダ
1189,ジャミューダ
1190,ジャミューダ
1191,
1192,
1193,
1194,ホモビ型ロボット
1195,ホモビ型ロボット
1196,ホモビ型ロボット
1197,ホモビ型ロボット
1198,ホモビ型ロボット
1199,ホモビ型ロボット
1200,ホモビ型ロボット
1201,ホモビ型ロボット
1202,ホモビ型ロボット
1203,ディスカード
1204,ディスカード
1205,ディスカード
1206,ディスカード
1207,ディスカード
1208,オートマーダ
1209,オートマーダ
1210,オートマーダ
1211,オートマーダ
1212,オートマーダ
1213,ガイポンギフト
1214,ガイポンギフト
1215,ガイポンギフト
1216,ガイポンギフト
1217,ガイポンギフト
1218,ガイポンギフト
1219,イービルスパイン
1220,イービルスパイン
1221,イービルスパイン
1222,イービルスパイン
1223,突起物王者ちんキング
1224,ﾌﾟﾙｰﾄｩﾙﾝﾄｩﾙﾝ
1225,ﾌﾟﾙｰﾄｩﾙﾝﾄｩﾙﾝ
1226,ﾌﾟﾙｰﾄｩﾙﾝﾄｩﾙﾝ
1227,ﾌﾟﾙｰﾄｩﾙﾝﾄｩﾙﾝ
1228,ﾌﾟﾙｰﾄｩﾙﾝﾄｩﾙﾝ
1229,ﾌﾟﾙｰﾄｩﾙﾝﾄｩﾙﾝ
1230,ﾌﾟﾙｰﾄｩﾙﾝﾄｩﾙﾝ
1231,ﾌﾟﾙｰﾄｩﾙﾝﾄｩﾙﾝ
1232,ﾌﾟﾙｰﾄｩﾙﾝﾄｩﾙﾝ
1233,ﾌﾟﾙｰﾄｩﾙﾝﾄｩﾙﾝ
1234,ﾌﾟﾙｰﾄｩﾙﾝﾄｩﾙﾝ
1235,ﾌﾟﾙｰﾄｩﾙﾝﾄｩﾙﾝ
1236,ﾌﾟﾙｰﾄｩﾙﾝﾄｩﾙﾝ
1237,パンティーマシン
1238,パンティーマシン
1239,パンティーマシン
1240,パンティーマシン
1241,パンティーマシン
1242,パンティーマシン
1243,パンティーマシン
1244,パンティーマシン
1245,パンティーマシン
1246,パンティーマシン
1247,パンティーマシン
1248,パンティーマシン
1249,パンティーマシン
1250,
1251,
1252,
1253,
1254,ｼﾐｭﾚｰﾄ･ﾌﾟﾙｰﾄｩﾙﾝﾄｩﾙﾝ
1255,ｼﾐｭﾚｰﾄ･ﾌﾟﾙｰﾄｩﾙﾝﾄｩﾙﾝ
1256,ｼﾐｭﾚｰﾄ･ﾌﾟﾙｰﾄｩﾙﾝﾄｩﾙﾝ
1257,ｼﾐｭﾚｰﾄ･ﾌﾟﾙｰﾄｩﾙﾝﾄｩﾙﾝ
1258,ｼﾐｭﾚｰﾄ･ﾌﾟﾙｰﾄｩﾙﾝﾄｩﾙﾝ
1259,ｼﾐｭﾚｰﾄ･ﾌﾟﾙｰﾄｩﾙﾝﾄｩﾙﾝ
1260,ｼﾐｭﾚｰﾄ･ﾌﾟﾙｰﾄｩﾙﾝﾄｩﾙﾝ
1261,ｼﾐｭﾚｰﾄ･ﾌﾟﾙｰﾄｩﾙﾝﾄｩﾙﾝ
1262,ｼﾐｭﾚｰﾄ･ﾌﾟﾙｰﾄｩﾙﾝﾄｩﾙﾝ
1263,ｼﾐｭﾚｰﾄ･ﾌﾟﾙｰﾄｩﾙﾝﾄｩﾙﾝ
1264,ｼﾐｭﾚｰﾄ･ﾌﾟﾙｰﾄｩﾙﾝﾄｩﾙﾝ
1265,ｼﾐｭﾚｰﾄ･ﾌﾟﾙｰﾄｩﾙﾝﾄｩﾙﾝ
1266,ｼﾐｭﾚｰﾄ･ﾌﾟﾙｰﾄｩﾙﾝﾄｩﾙﾝ
1267,リリーキャロライン
1268,リリーキャロライン
1269,リリーキャロライン
1270,リリーキャロライン
1271,リリーキャロライン
1272,リリーキャロライン
1273,リリーキャロライン
1274,リリーキャロライン
1275,リリーキャロライン
1276,リリーキャロライン
1277,ｼﾐｭﾚｰﾄ･ｷｬﾛﾗｲﾝ
1278,ｼﾐｭﾚｰﾄ･ｷｬﾛﾗｲﾝ
1279,ｼﾐｭﾚｰﾄ･ｷｬﾛﾗｲﾝ
1280,ｼﾐｭﾚｰﾄ･ｷｬﾛﾗｲﾝ
1281,ｼﾐｭﾚｰﾄ･ｷｬﾛﾗｲﾝ
1282,ｼﾐｭﾚｰﾄ･ｷｬﾛﾗｲﾝ
1283,ｼﾐｭﾚｰﾄ･ｷｬﾛﾗｲﾝ
1284,ｼﾐｭﾚｰﾄ･ｷｬﾛﾗｲﾝ
1285,ｼﾐｭﾚｰﾄ･ｷｬﾛﾗｲﾝ
1286,ｼﾐｭﾚｰﾄ･ｷｬﾛﾗｲﾝ
1287,サイクロプス
1288,サイクロプス
1289,サイクロプス
1290,サイクロプス
1291,サイクロプス
1292,サイクロプス
1293,サイクロプス
1294,サイクロプス
1295,サイクロプス
1296,サイクロプス
1297,サイクロプス
1298,
1299,
1300,
1301,ｼﾐｭﾚｰﾄ･ｻｲｸﾛﾌﾟｽ
1302,ｼﾐｭﾚｰﾄ･ｻｲｸﾛﾌﾟｽ
1303,ｼﾐｭﾚｰﾄ･ｻｲｸﾛﾌﾟｽ
1304,ｼﾐｭﾚｰﾄ･ｻｲｸﾛﾌﾟｽ
1305,ｼﾐｭﾚｰﾄ･ｻｲｸﾛﾌﾟｽ
1306,ｼﾐｭﾚｰﾄ･ｻｲｸﾛﾌﾟｽ
1307,ｼﾐｭﾚｰﾄ･ｻｲｸﾛﾌﾟｽ
1308,BTT Mk=2
1309,BTT Mk=2
1310,BTT Mk=2
1311,BTT Mk=2
1312,BTT Mk=2
1313,BTT Mk=2
1314,BTT Mk=2
1315,BTT Mk=2
1316,
1317,
1318,ｼﾐｭﾚｰﾄ･BTT Mk=2
1319,ｼﾐｭﾚｰﾄ･BTT Mk=2
1320,ｼﾐｭﾚｰﾄ･BTT Mk=2
1321,ｼﾐｭﾚｰﾄ･BTT Mk=2
1322,ｼﾐｭﾚｰﾄ･BTT Mk=2
1323,ｼﾐｭﾚｰﾄ･BTT Mk=2
1324,ｼﾐｭﾚｰﾄ･BTT Mk=2
1325,ｼﾐｭﾚｰﾄ･BTT Mk=2
1326,
1327,
1328,BTT Mk=2
1329,BTT Mk=2
1330,BTT Mk=2
1331,BTT Mk=2
1332,BTT Mk=2
1333,BTT Mk=2
1334,BTT Mk=2
1335,BTT Mk=2
1336,Venきなこ
1337,Venきなこ
1338,Venきなこ
1339,Venきなこ
1340,Venきなこ
1341,Venきなこ
1342,Venきなこ
1343,Venきなこ
1344,メカめ一等兵
1345,メカめ一等兵
1346,メカめ一等兵
1347,メカめ一等兵
1348,メカめ一等兵
1349,メカめ一等兵
1350,メカめ一等兵
1351,メカめ二等兵
1352,メカめ二等兵
1353,メカめ三等兵
1354,メカめ三等兵
1355,メカめ三等兵
1356,メカめ三等兵
1357,メカめ一等兵
1358,メカめ二等兵
1359,ｷﾝｸﾞﾒﾀﾙﾎﾟﾒﾗﾆｱﾝ
1360,ｷﾝｸﾞﾒﾀﾙﾎﾟﾒﾗﾆｱﾝ
1361,ｷﾝｸﾞﾒﾀﾙﾎﾟﾒﾗﾆｱﾝ
1362,ｷﾝｸﾞﾒﾀﾙﾎﾟﾒﾗﾆｱﾝ
1363,ｷﾝｸﾞﾒﾀﾙﾎﾟﾒﾗﾆｱﾝ
1364,ｷﾝｸﾞﾒﾀﾙﾎﾟﾒﾗﾆｱﾝ
1365,ｷﾝｸﾞﾒﾀﾙﾎﾟﾒﾗﾆｱﾝ
1366,ｷﾝｸﾞﾒﾀﾙﾎﾟﾒﾗﾆｱﾝ
1367,ｷﾝｸﾞﾒﾀﾙﾎﾟﾒﾗﾆｱﾝ
1368,ｷﾝｸﾞﾒﾀﾙﾎﾟﾒﾗﾆｱﾝ
1369,ｷﾝｸﾞﾒﾀﾙﾎﾟﾒﾗﾆｱﾝ
1370,ｷﾝｸﾞﾒﾀﾙﾎﾟﾒﾗﾆｱﾝ
1371,Venバギー
1372,Venバギー
1373,Venバギー
1374,Venバギー
1375,Venバギー
1376,Venバギー
1377,Venバギー
1378,Venバギー
1379,ヘルハウンドスコイ
1380,ヘルハウンドスコイ
1381,ジャングル高橋
1382,ジャングル高橋
1383,ジャングル高橋
1384,ジャングル高橋
1385,ジャングル高橋
1386,ジャングル高橋
1387,ジャングル高橋
1388,？？？
1389,？？？
1390,？？？
1391,？？？
1392,？？？
1393,？？？
1394,？？？
1395,？？？
1396,？？？
1397,フサキン
1398,フサキン
1399,フサキン
1400,フサキン
1401,フサキン
1402,フサキン
1403,フサキン
1404,フサキン
1405,フサキン
1406,フサキン
1407,フサキン
1408,マリキン
1409,マリキン
1410,マリキン
1411,マリキン
1412,マリキン
1413,マリキン
1414,マリキン
1415,マリキン
1416,マリキン
1417,マリキン
1418,マリキン
1419,マリキン
1420,マリキン
1421,マリキン
1422,マリキン
1423,手移動
1424,マリキン
1425,マリキン
1426,回転開始
1427,→
1428,マリキン
1429,｜
1430,←
1431,マリキン
1432,キャッチ
1433,マリキン
1434,マリキン
1435,キャッチ２
1436,マリキン
1437,森風
1438,森風
1439,森風
1440,森風
1441,森風
1442,森風
1443,森風
1444,ホモビユーフォニアム
1445,ホモビユーフォニアム
1446,ホモビユーフォニアム
1447,ジャングル高橋
1448,ジャングル高橋
1449,ジャングル高橋
1450,ジャングル高橋
1451,ｼﾐｭﾚｰﾄ･Venきなこ
1452,ｼﾐｭﾚｰﾄ･Venきなこ
1453,ｼﾐｭﾚｰﾄ･Venきなこ
1454,ｼﾐｭﾚｰﾄ･Venきなこ
1455,ｼﾐｭﾚｰﾄ･Venきなこ
1456,ｼﾐｭﾚｰﾄ･Venきなこ
1457,ｼﾐｭﾚｰﾄ･Venきなこ
1458,ｼﾐｭﾚｰﾄ･Venきなこ
1459,ｼﾐｭﾚｰﾄ･森風
1460,ｼﾐｭﾚｰﾄ･森風
1461,ｼﾐｭﾚｰﾄ･森風
1462,ｼﾐｭﾚｰﾄ･森風
1463,ｼﾐｭﾚｰﾄ･ｼﾞｬﾝｸﾞﾙ高橋
1464,ｼﾐｭﾚｰﾄ･ｼﾞｬﾝｸﾞﾙ高橋
1465,ｼﾐｭﾚｰﾄ･ｼﾞｬﾝｸﾞﾙ高橋
1466,ｼﾐｭﾚｰﾄ･森風
1467,ｼﾐｭﾚｰﾄ･森風
1468,ｼﾐｭﾚｰﾄ･森風
1469,ジャングルマザーZ
1470,ジャングルマザーZ
1471,ジャングルマザーZ
1472,ジャングルマザーZ
1473,ジャングルマザーZ
1474,ジャングルマザーZ
1475,ジャングルマザーZ
1476,ジャングルマザーZ
1477,フォレスト
1478,ウッズ
1479,フォレスト
1480,フォレスト
1481,ウッズ
1482,ウッズ
1483,フォレスト
1484,ウッズ
1485,郷 切身
1486,郷 切身
1487,郷 切身
1488,郷 切身
1489,郷 切身
1490,郷 切身
1491,展開おわり
1492,郷 切身
1493,郷 切身
1494,郷 切身
1495,郷 切身
1496,郷 切身
1497,郷 切身
1498,郷 切身
1499,郷 切身
1500,郷 切身
1501,郷 切身
1502,ポチポチおわり
1503,
1504,郷 切身
1505,郷 切身
1506,郷 切身
1507,郷 切身
1508,郷 切身
1509,郷 切身
1510,郷 切身
1511,郷 切身
1512,郷 切身
1513,郷 切身
1514,郷 切身
1515,郷 切身
1516,郷 切身
1517,ｼﾐｭﾚｰﾄ･ｷﾘﾐ
1518,ｼﾐｭﾚｰﾄ･ｷﾘﾐ
1519,ｼﾐｭﾚｰﾄ･ｷﾘﾐ
1520,ｼﾐｭﾚｰﾄ･ｷﾘﾐ
1521,ｼﾐｭﾚｰﾄ･ｷﾘﾐ
1522,ｼﾐｭﾚｰﾄ･ｷﾘﾐ
1523,ｼﾐｭﾚｰﾄ･ｷﾘﾐ
1524,ｼﾐｭﾚｰﾄ･ｷﾘﾐ
1525,ｼﾐｭﾚｰﾄ･ｷﾘﾐ
1526,ｼﾐｭﾚｰﾄ･ｷﾘﾐ
1527,ｼﾐｭﾚｰﾄ･ｷﾘﾐ
1528,ｼﾐｭﾚｰﾄ･ｷﾘﾐ
1529,ｼﾐｭﾚｰﾄ･ｷﾘﾐ
1530,ｼﾐｭﾚｰﾄ･ｷﾘﾐ
1531,ｼﾐｭﾚｰﾄ･ｷﾘﾐ
1532,ｼﾐｭﾚｰﾄ･ｷﾘﾐ
1533,ｼﾐｭﾚｰﾄ･ｷﾘﾐ
1534,ｼﾐｭﾚｰﾄ･ｷﾘﾐ
1535,ｼﾐｭﾚｰﾄ･ｷﾘﾐ
1536,ｼﾐｭﾚｰﾄ･ｷﾘﾐ
1537,ｼﾐｭﾚｰﾄ･ｷﾘﾐ
1538,ｼﾐｭﾚｰﾄ･ｷﾘﾐ
1539,ｼﾐｭﾚｰﾄ･ｷﾘﾐ
1540,ｼﾐｭﾚｰﾄ･ｷﾘﾐ
1541,ｼﾐｭﾚｰﾄ･ｷﾘﾐ
1542,グラレ
1543,ｼﾐｭﾚｰﾄ･ｷﾘﾐ
1544,ｼﾐｭﾚｰﾄ･ｷﾘﾐ
1545,ｼﾐｭﾚｰﾄ･ｷﾘﾐ
1546,ｼﾐｭﾚｰﾄ･ｷﾘﾐ
1547,ｼﾐｭﾚｰﾄ･ｷﾘﾐ
1548,ｼﾐｭﾚｰﾄ･ｷﾘﾐ
1549,郷 切身
1550,ｼﾐｭﾚｰﾄ･ﾌｫﾚｽﾄ
1551,ｼﾐｭﾚｰﾄ･ｳｯｽﾞ
1552,ヘルメガロドン
1553,ヘルメガロドン
1554,ヘルメガロドン
1555,ヘルメガロドン
1556,UNKNOWN
1557,UNKNOWN
1558,UNKNOWN
1559,UNKNOWN
1560,UNKNOWN
1561,UNKNOWN
1562,UNKNOWN
1563,baribariおわり
1564,UNKNOWN
1565,UNKNOWN
1566,UNKNOWN
1567,UNKNOWN
1568,ヴァニタス
1569,ヴァニタス
1570,ヴァニタス
1571,ヴァニタス
1572,Sヴァニタス
1573,Sヴァニタス
1574,Sヴァニタス
1575,Sヴァニタス
1576,ｼﾐｭﾚｰﾄ･UNKNOWN
1577,ｼﾐｭﾚｰﾄ･UNKNOWN
1578,ｼﾐｭﾚｰﾄ･UNKNOWN
1579,ｼﾐｭﾚｰﾄ･UNKNOWN
1580,ｼﾐｭﾚｰﾄ･UNKNOWN
1581,ｼﾐｭﾚｰﾄ･UNKNOWN
1582,ｼﾐｭﾚｰﾄ･UNKNOWN
1583,ｼﾐｭﾚｰﾄ･UNKNOWN
1584,ｼﾐｭﾚｰﾄ･UNKNOWN
1585,ｼﾐｭﾚｰﾄ･UNKNOWN
1586,ｼﾐｭﾚｰﾄ･UNKNOWN
1587,ｼﾐｭﾚｰﾄ･UNKNOWN
1588,ヴァニタス
1589,ヴァニタス
1590,ヴァニタス
1591,ヴァニタス
1592,ヴァニタス
1593,ｼﾐｭﾚｰﾄ･ｳﾞｧﾆﾀｽ
1594,ｼﾐｭﾚｰﾄ･ｳﾞｧﾆﾀｽ
1595,ｼﾐｭﾚｰﾄ･ｳﾞｧﾆﾀｽ
1596,ｼﾐｭﾚｰﾄ･ｳﾞｧﾆﾀｽ
1597,ｼﾐｭﾚｰﾄ･ｳﾞｧﾆﾀｽ
1598,ジェラルディ
1599,ジェラルディ
1600,ジェラルディ
1601,↓爆風
1602,ジェラルディ
1603,ジェラルディ
1604,ジェラルディ
1605,ジェラルディ
1606,ジェラルディ
1607,ジェラルディ
1608,斬
1609,ジェラルディ
1610,ジェラルディ
1611,ジェラルディ
1612,ジェラルディ
1613,解き
1614,ジェラルディ
1615,●シビレーナ
1616,ジェラルディ
1617,ざっぱー
1618,ジェ
1619,ジェ
1620,ジェ
1621,ジェ
1622,ジェ
1623,ジェ
1624,ジェ
1625,ジェ
1626,ジェ
1627,ジェ
1628,ジェ
1629,ジェ
1630,ジェ
1631,ジェ
1632,ジェ
1633,ジェ
1634,●ライトニングザッパー
1635,ジェラルディ
1636,●リブロキール
1637,ジェラルディ
1638,ジェ
1639,ジェ
1640,tobi
1641,ジェ
1642,ジェ
1643,ジェ
1644,ジェ
1645,ばりばり
1646,ジェ
1647,ジェ
1648,ジェ
1649,ジェ
1650,ジェ
1651,ジェ
1652,●ぱっちん
1653,ジェラルディ
1654,ジェ
1655,ジェ
1656,ジェ
1657,構えおわり
1658,ジェ
1659,ジェ
1660,ぱ
1661,ち
1662,ん
1663,ジェ
1664,ジェ
1665,ジェ
1666,
1667,ジェラルディ
1668,ーーーーーーーーーーー
1669,
1670,沼の王 アザゲーター
1671,沼の王 アザゲーター
1672,沼の王 アザゲーター
1673,沼の王 アザゲーター
1674,沼の王 アザゲーター
1675,沼の王 アザゲーター
1676,ネオチンポコザウルス
1677,ネオチンポコザウルス
1678,ネオチンポコザウルス
1679,リヴァイアハイ
1680,リヴァイアハイ
1681,リヴァイアハイ
1682,リヴァイアハイ
1683,リヴァイアハイ
1684,リヴァイアハイ
1685,
1686,
1687,
1688,
1689,
1690,
1691,
1692,
1693,
1694,
1695,
1696,
1697,
1698,ジェラルディ
1699,ジェラルディ
1700,ジェラルディ
1701,★爆風
1702,ｼﾐｭﾚｰﾄ･ｼﾞｪﾗﾙﾃﾞｨ
1703,ジェラルディ
1704,ジェラルディ
1705,ジェラルディ
1706,ジェラルディ
1707,ジェラルディ
1708,斬
1709,ジェラルディ
1710,ジェラルディ
1711,ジェラルディ
1712,ジェラルディ
1713,解き
1714,ジェラルディ
1715,★シビレーナ
1716,ｼﾐｭﾚｰﾄ･ｼﾞｪﾗﾙﾃﾞｨ
1717,ざっぱー
1718,ジェ
1719,ジェ
1720,ジェ
1721,ジェ
1722,ジェ
1723,ジェ
1724,ジェ
1725,ジェ
1726,ジェ
1727,ジェ
1728,ジェ
1729,ジェ
1730,ジェ
1731,ジェ
1732,ジェ
1733,ジェ
1734,★ライトニングザッパー
1735,ｼﾐｭﾚｰﾄ･ｼﾞｪﾗﾙﾃﾞｨ
1736,★リブロキール
1737,ｼﾐｭﾚｰﾄ･ｼﾞｪﾗﾙﾃﾞｨ
1738,ジェ
1739,ジェ
1740,tobi
1741,ジェ
1742,ジェ
1743,ジェ
1744,ジェ
1745,ばりばり
1746,ジェ
1747,ジェ
1748,ジェ
1749,ジェ
1750,ジェ
1751,ジェ
1752,★ぱっちん
1753,ｼﾐｭﾚｰﾄ･ｼﾞｪﾗﾙﾃﾞｨ
1754,ジェ
1755,ジェ
1756,ジェ
1757,構えおわり
1758,ジェ
1759,ジェ
1760,ぱ
1761,ち
1762,ん
1763,ジェ
1764,ジェ
1765,ジェ
1766,テスター･J 
1767,虚無
1768,モビルスローン
1769,●テスター射撃
1770,テスター･J 
1771,テスター･J 
1772,テスター･J 
1773,テスター･J 
1774,テスター･J 
1775,テスター･J 
1776,テスター･J 
1777,
1778,
1779,●モビルスローン射撃
1780,モビルスローン
1781,モビルスローン
1782,モビルスローン
1783,モビルスローン
1784,モビルスローン
1785,モビルスローン
1786,モビルスローン
1787,テスター･J 
1788,テスター･J 
1789,テスター･J 
1790,テスター･J 
1791,
1792,モビルスローン
1793,モビルスローン
1794,モビルスローン
1795,モビルスローン
1796,
1797,ジェラルディ
1798,ジェラルディ
1799,ジェラルディ
1800,ジェラルディ
1801,ジェラルディ
1802,ジェラルディ
1803,
1804,モビルスローン
1805,テスター･J 
1806,
1807,ジェラルディ
1808,ジェ
1809,ｼﾐｭﾚｰﾄ･ｼﾞｪﾗﾙﾃﾞｨ
1810,ジェ
1811,
1812,
1813,
1814,カタストロフィ
1815,カタストロフィ
1816,カタストロフィ
1817,カタストロフィ
1818,カタストロフィ
1819,
1820,
1821,
1822,
1823,
1824,カタストロフィ
1825,カタストロフィ
1826,カタストロフィ
1827,カタストロフィ
1828,カタストロフィ
1829,
1830,
1831,
1832,●イーヴィル
1833,カタストロフィ
1834,カタストロフィ
1835,●コア待機
1836,カタストロフィ
1837,カタストロフィ
1838,カタストロフィ
1839,カタストロフィ
1840,カタストロフィ
1841,カタストロフィ
1842,カタストロフィ
1843,●イーヴィルコア
1844,カタストロフィ
1845,●ドゥームコア構え
1846,カタストロフィ
1847,カタストロフィ
1848,カタストロフィ
1849,カタストロフィ
1850,●ドゥームコア
1851,カタストロフィ
1852,カタストロフィ
1853,カタストロフィ
1854,カタストロフィ
1855,●ドゥームコア構え
1856,カタストロフィ
1857,●死
1858,カタストロフィ
1859,カタストロフィ
1860,カタストロフィ
1861,カタストロフィ
1862,●ドゥーム通常
1863,カタストロフィ
1864,カタストロフィ
1865,カタストロフィ
1866,カタストロフィ
1867,●戻り
1868,カタストロフィ
1869,●ドゥーム構え
1870,カタストロフィ
1871,カタストロフィ
1872,カタストロフィ
1873,カタストロフィ
1874,カタストロフィ
1875,
1876,ジャミウォック
1877,ジャミウォック
1878,ジャミウォック
1879,ジャミウォック
1880,ジャミウォック
1881,ジャミウォック
1882,ジャミウォック
1883,アラクス
1884,アラクス
1885,アラクス
1886,アラクス
1887,アラクス
1888,アラクス
1889,アラクス
1890,アラクス
1891,アラクス
1892,アラクス
1893,アラクス
1894,アラクス
1895,アラクス
1896,アラクス
1897,
1898,
1899,
1900,
1901,
1902,
1903,アラクス
1904,アラクス
1905,アラクス
1906,アラクス
1907,アラクス
1908,アラクス
1909,アラクス
1910,アラクス
1911,アラクス
1912,アラクス
1913,アラクス
1914,アラクス
1915,アラクス
1916,アラクス
1917,
1918,デスポスト
1919,デスポスト
1920,デスポスト
1921,デスポスト
1922,デスポスト
1923,デスポスト
1924,デスポスト
1925,デスポスト
1926,デスポスト
1927,
1928,
1929,
1930,
1931,
1932,★イーヴィル
1933,ｼﾐｭﾚｰﾄ･ｶﾀｽﾄﾛﾌｨ
1934,ｼﾐｭﾚｰﾄ･ｶﾀｽﾄﾛﾌｨ
1935,★コア待機
1936,ｼﾐｭﾚｰﾄ･ｶﾀｽﾄﾛﾌｨ
1937,ｼﾐｭﾚｰﾄ･ｶﾀｽﾄﾛﾌｨ
1938,ｼﾐｭﾚｰﾄ･ｶﾀｽﾄﾛﾌｨ
1939,ｼﾐｭﾚｰﾄ･ｶﾀｽﾄﾛﾌｨ
1940,ｼﾐｭﾚｰﾄ･ｶﾀｽﾄﾛﾌｨ
1941,ｼﾐｭﾚｰﾄ･ｶﾀｽﾄﾛﾌｨ
1942,ｼﾐｭﾚｰﾄ･ｶﾀｽﾄﾛﾌｨ
1943,★イーヴィルコア
1944,ｼﾐｭﾚｰﾄ･ｶﾀｽﾄﾛﾌｨ
1945,★ドゥームコア構え
1946,ｼﾐｭﾚｰﾄ･ｶﾀｽﾄﾛﾌｨ
1947,ｼﾐｭﾚｰﾄ･ｶﾀｽﾄﾛﾌｨ
1948,ｼﾐｭﾚｰﾄ･ｶﾀｽﾄﾛﾌｨ
1949,ｼﾐｭﾚｰﾄ･ｶﾀｽﾄﾛﾌｨ
1950,★ドゥームコア
1951,ｼﾐｭﾚｰﾄ･ｶﾀｽﾄﾛﾌｨ
1952,ｼﾐｭﾚｰﾄ･ｶﾀｽﾄﾛﾌｨ
1953,ｼﾐｭﾚｰﾄ･ｶﾀｽﾄﾛﾌｨ
1954,ｼﾐｭﾚｰﾄ･ｶﾀｽﾄﾛﾌｨ
1955,★ドゥームコア構え
1956,ｼﾐｭﾚｰﾄ･ｶﾀｽﾄﾛﾌｨ
1957,★死
1958,ｼﾐｭﾚｰﾄ･ｶﾀｽﾄﾛﾌｨ
1959,ｼﾐｭﾚｰﾄ･ｶﾀｽﾄﾛﾌｨ
1960,ｼﾐｭﾚｰﾄ･ｶﾀｽﾄﾛﾌｨ
1961,ｼﾐｭﾚｰﾄ･ｶﾀｽﾄﾛﾌｨ
1962,★ドゥーム通常
1963,ｼﾐｭﾚｰﾄ･ｶﾀｽﾄﾛﾌｨ
1964,ｼﾐｭﾚｰﾄ･ｶﾀｽﾄﾛﾌｨ
1965,ｼﾐｭﾚｰﾄ･ｶﾀｽﾄﾛﾌｨ
1966,ｼﾐｭﾚｰﾄ･ｶﾀｽﾄﾛﾌｨ
1967,★戻り
1968,ｼﾐｭﾚｰﾄ･ｶﾀｽﾄﾛﾌｨ
1969,★ドゥーム構え
1970,ｼﾐｭﾚｰﾄ･ｶﾀｽﾄﾛﾌｨ
1971,ｼﾐｭﾚｰﾄ･ｶﾀｽﾄﾛﾌｨ
1972,ｼﾐｭﾚｰﾄ･ｶﾀｽﾄﾛﾌｨ
1973,ｼﾐｭﾚｰﾄ･ｶﾀｽﾄﾛﾌｨ
1974,ｼﾐｭﾚｰﾄ･ｶﾀｽﾄﾛﾌｨ
1975,クインラミア
1976,クインラミア
1977,クインラミア
1978,クインラミア
1979,クインラミア
1980,クインラミア
1981,クインラミア
1982,
1983,
1984,
1985,クインラミア
1986,クインラミア
1987,クインラミア
1988,クインラミア
1989,クインラミア
1990,クインラミア
1991,クインラミア
1992,暴迅の珍雷
1993,暴迅の珍雷
1994,暴乱の珍風
1995,暴乱の珍風
1996,暴迅の珍雷
1997,暴迅の珍雷
1998,暴乱の珍風
1999,暴乱の珍風
2000,
2001,デスポスト
2002,デスポスト
2003,デスポスト
2004,デスポスト
2005,デスポスト
2006,デスポスト
2007,デスポスト
2008,デスポスト
2009,デスポスト
2010,ウッカリマケン
2011,ウッカリマケン
2012,ウッカリマケン
2013,ウッカリマケン
2014,ウッカリマケン
2015,ウッカリマケン
2016,ウッカリマケン
2017,ウッカリマケン
2018,ウッカリマケン
2019,ウッカリマケン
2020,ウッカリマケン
2021,ウッカリマケン
2022,ウッカリマケン
2023,ウッカリマケン
2024,ウッカリマケン
2025,ウッカリマケン
2026,ウッカリマケン
2027,走死走愛B・J・S
2028,走死走愛B・J・S
2029,走死走愛B・J・S
2030,走死走愛B・J・S
2031,走死走愛B・J・S
2032,走死走愛B・J・S
2033,
2034,フワンソワ
2035,フワンソワ
2036,フワンソワ
2037,フワンソワ
2038,kamae
2039,フワンソワ
2040,フワンソワ
2041,フワンソワ
2042,フワンソワ
2043,フワンソワ
2044,フワンソワ
2045,
2046,モビルスローン
2047,テスター･J 
2048,フワンソワ
2049,フワンソワ
2050,フワンソワ
2051,フワンソワ
2052,フワンソワ
2053,フワンソワ
2054,フワンソワ
2055,フワンソワ
2056,
2057,ヘルメガロドン改
2058,ヘルメガロドン改
2059,ヘルメガロドン改
2060,ヘルメガロドン改
2061,ヘルメガロドン改
2062,
2063,超越者
2064,超越者
2065,超越者
2066,超越者
2067,超越者
2068,超越者
2069,超越者
2070,超越者
2071,超越者
2072,超越者
2073,超越者
2074,超越者
2075,超越者
2076,超越者
2077,超越者
2078,超越者
2079,超越者
2080,超越者
2081,超越者
2082,超越者
2083,超越者
2084,超越者
2085,超越者
2086,超越者
2087,超越者
2088,超越者
2089,超越者
2090,超越者
2091,超越者
2092,超越者
2093,超越者
2094,超越者
2095,超越者
2096,超越者
2097,超越者
2098,超越者
2099,超越者
2100,超越者
2101,超越者
2102,超越者
2103,超越者
2104,超越者
2105,超越者
2106,超越者
2107,超越者
2108,超越者
2109,超越者
2110,超越者
2111,超越者
2112,超越者
2113,超越者
2114,超越者
2115,超越者
2116,超越者
2117,超越者
2118,超越者
2119,超越者
2120,超越者
2121,超越者
2122,超越者
2123,超越者
2124,超越者
2125,超越者
2126,超越者
2127,超越者
2128,超越者
2129,超越者
2130,超越者
2131,超越者
2132,超越者
2133,超越者
2134,超越者
2135,超越者
2136,超越者
2137,超越者
2138,超越者
2139,超越者
2140,超越者
2141,超越者
2142,超越者
2143,超越者
2144,超越者
2145,超越者
2146,超越者
2147,超越者
2148,超越者
2149,超越者
2150,超越者
2151,超越者
2152,超越者
2153,超越者
2154,超越者
2155,超越者
2156,超越者
2157,超越者
2158,超越者
2159,超越者
2160,超越者
2161,超越者
2162,超越者
2163,超越者
2164,超越者
2165,超越者
2166,超越者
2167,超越者
2168,超越者
2169,超越者
2170,超越者
2171,超越者
2172,超越者
2173,超越者
2174,超越者
2175,超越者
2176,超越者
2177,超越者
2178,超越者
2179,超越者
2180,超越者
2181,超越者
2182,超越者
2183,超越者
2184,超越者
2185,超越者
2186,超越者
2187,超越者
2188,超越者
2189,超越者
2190,超越者
2191,超越者
2192,超越者
2193,超越者
2194,超越者
2195,超越者
2196,超越者
2197,超越者
2198,超越者
2199,超越者
2200,超越者
2201,超越者
2202,超越者
2203,超越者
2204,超越者
2205,超越者
2206,超越者
2207,超越者
2208,超越者
2209,超越者
2210,超越者
2211,超越者
2212,超越者
2213,超越者
2214,超越者
2215,超越者
2216,超越者
2217,超越者
2218,超越者
2219,超越者
2220,超越者
2221,超越者
2222,超越者
2223,超越者
2224,超越者
2225,超越者
2226,超越者
2227,超越者
2228,超越者
2229,超越者
2230,超越者
2231,超越者
2232,超越者
2233,
2234,キングオブザ･ウルス
2235,キングオブザ･ウルス
2236,キングオブザ･ウルス
2237,キングオブザ･ウルス
2238,キングオブザ･ウルス
2239,●ベビーstar
2240,キングオブザ･ウルス
2241,キングオブザ･ウルス
2242,キングオブザ･ウルス
2243,キングオブザ･ウルス
2244,キングオブザ･ウルス
2245,●しばきおわり
2246,キングオブザ･ウルス
2247,キングオブザ･ウルス
2248,●？
2249,キングオブザ･ウルス
2250,キングオブザ･ウルス
2251,キングオブザ･ウルス
2252,
2253,キリミ
2254,キリミ
2255,●
2256,キリミ
2257,キリミ
2258,●
2259,キリミ
2260,キリミ
2261,キリミ
2262,キリミ
2263,キリミ
2264,キリミ
2265,
2266,
2267,
2268,
2269,
2270,キ
2271,キ
2272,キ
2273,キ
2274,キ
2275,キ
2276,キ
2277,キ
2278,キ
2279,キ
2280,キ
2281,キリミ
2282,キ
2283,キ
2284,キ
2285,キ
2286,キ
2287,キ
2288,キ
2289,キ
2290,キ
2291,キ
2292,●エクスターミネイト
2293,キ
2294,キ
2295,キ
2296,キ
2297,キ
2298,キ
2299,キ
2300,
2301,キリミ
2302,キ
2303,キ
2304,キ
2305,キ
2306,キ
2307,キ
2308,キ
2309,キ
2310,キ
2311,キ
2312,キ
2313,キ
2314,キ
2315,キ
2316,キ
2317,
2318,キリミ
2319,キ
2320,キ
2321,キ
2322,キ
2323,キ
2324,キ
2325,キ
2326,キ
2327,キ
2328,
2329,メカめ二等兵
2330,ギタカーズ
2331,バッドチャッカマン
2332,
2333,メカめ一等兵
2334,メカめ二等兵
2335,メカめ三等兵
2336,
2337,ヘルハウンドスコイ
2338,
2339,ベテラン研修兵
2340,フワンソワ
2341,
2342,ﾈｵ･ﾌﾟﾙｰﾄｩﾙﾝﾄｩﾙﾝ
2343,
2344,
2345,
2346,
2347,
2348,
2349,
2350,tesuto
2351,
2352,
2353,ﾈｵ･ﾘﾘｰｷｬﾛﾗｲﾝ
2354,
2355,ジャーズ
2356,グラーコス
2357,カリブロイヤ
2358,バリウマーマン
2359,
2360,
2361,ジャーズ
2362,ジャーズ
2363,ジャーズ
2364,ジャーズ
2365,ジャーズ
2366,ジャーズ
2367,ジャーズ
2368,ジャーズ
2369,
2370,フサーケン
2371,フサーケン
2372,フサーケン
2373,
2374,スマイルアンカー
2375,スマイルアンカー
2376,スマイルアンカー
2377,スマイルアンカー
2378,スマイルアンカー
2379,
2380,郷 切身
2381,郷 切身
2382,郷 切身
2383,
2384,
2385,ジャーマン
2386,ジャーマン
2387,ジャーマン
2388,ジャーマン
2389,ジャーマン
2390,ジャーマン
2391,ジャーマン
2392,
2393,短小色鉛筆
2394,
2395,
2396,郷 切身
2397,郷 切身
2398,郷 切身
2399,ﾌﾟﾙｰﾄｩﾙﾝﾄｩﾙﾝ
2400,リリーキャロライン
2401,サイクロプス
2402,BTT Mk=2
2403,ケツアゴリラ
2404,ケツアゴリラ
2405,ケツアゴリラ
2406,ケツアゴリラ Lv.1
2407,ケツアゴリラ Lv.2
2408,ケツアゴリラ Lv.3
2409,ケツアゴリラ Lv.4
2410,強ケツアゴリラ Lv.1
2411,強ケツアゴリラ Lv.2
2412,強ケツアゴリラ Lv.3
2413,強ケツアゴリラ Lv.4
2414,
2415,ｼﾐｭﾚｰﾄ･ｶﾀｽﾄﾛﾌｨ
2416,
2417,ナイチンゲール
2418,ナイチンゲール
2419,ナイチンゲール
2420,ナイチンゲール
2421,ナイチンゲール
2422,ナイチンゲール
2423,ナイチンゲール
2424,ナイチンゲール
2425,ナイチンゲール
2426,ナイチンゲール
2427,ナイチンゲール
2428,ナイチンゲール
2429,
2430,
2431,
2432,
2433,
2434,
2435,
2436,
2437,ナイチンゲール
2438,ナイチンゲール
2439,ナイチンゲール
2440,ナイチンゲール
2441,ナイチンゲール
2442,ナイチンゲール
2443,ナイチンゲール
2444,ナイチンゲール
2445,ナイチンゲール
2446,ナイチンゲール
2447,ナイチンゲール
2448,ナイチンゲール
2449,
2450,
2451,
2452,
2453,
2454,
2455,
2456,
2457,ナイチンゲール
2458,ナイチンゲール
2459,ナイチンゲール
2460,ナイチンゲール
2461,ナイチンゲール
2462,ナイチンゲール
2463,ナイチンゲール
2464,ナイチンゲール
2465,ナイチンゲール
2466,ナイチンゲール
2467,ナイチンゲール
2468,ナイチンゲール
2469,
2470,おちちんバハムート
2471,おちちんバハムート
2472,おちちんバハムート
2473,おちちんバハムート
2474,おちちんバハムート
2475,
2476,おちちんバハムート
2477,おちちんバハムート
2478,おちちんバハムート
2479,おちちんバハムート
2480,おちちんバハムート
2481,おちちんバハムート
2482,おちちんバハムート
2483,おちちんバハムート
2484,おちちんバハムート
2485,おちちんバハムート
2486,おちちんバハムート
2487,
2488,
2489,
2490,おちちんバハムート
2491,おちちんバハムート
2492,おちちんバハムート
2493,おちちんバハムート
2494,おちちんバハムート
2495,
2496,おちちんバハムート
2497,おちちんバハムート
2498,おちちんバハムート
2499,おちちんバハムート
2500,おちちんバハムート
2501,おちちんバハムート
2502,おちちんバハムート
2503,おちちんバハムート
2504,おちちんバハムート
2505,おちちんバハムート
2506,おちちんバハムート
2507,
2508,
2509,
2510,おちちんバハムート
2511,おちちんバハムート
2512,おちちんバハムート
2513,おちちんバハムート
2514,おちちんバハムート
2515,
2516,おちちんバハムート
2517,おちちんバハムート
2518,おちちんバハムート
2519,おちちんバハムート
2520,おちちんバハムート
2521,おちちんバハムート
2522,おちちんバハムート
2523,おちちんバハムート
2524,おちちんバハムート
2525,おちちんバハムート
2526,おちちんバハムート
2527,
2528,
2529,
2530,おちちんバハムート
2531,おちちんバハムート
2532,おちちんバハムート
2533,おちちんバハムート
2534,おちちんバハムート
2535,
2536,おちちんバハムート
2537,おちちんバハムート
2538,おちちんバハムート
2539,おちちんバハムート
2540,おちちんバハムート
2541,おちちんバハムート
2542,おちちんバハムート
2543,おちちんバハムート
2544,おちちんバハムート
2545,おちちんバハムート
2546,おちちんバハムート
2547,
2548,ｼﾐｭﾚｰﾄ･ｶﾀｽﾄﾛﾌｨ
2549,ナイチンゲール
2550,
2551,炎
2552,炎
2553,炎
2554,炎
2555,炎
2556,炎
2557,炎
2558,炎
2559,炎
2560,炎
2561,炎
2562,らいと
2563,らいと
2564,
2565,無
2566,
2567,
2568,
2569,ネオ・サイクロプス
2570,ネオ・サイクロプス
2571,サイクロプス
2572,サイクロプス
2573,サイクロプス
2574,サイクロプス
2575,
2576,森風
2577,森
2578,森
2579,森
2580,森
2581,森
2582,森
2583,森
2584,森
2585,森
2586,森
2587,森
2588,森
2589,森
2590,森
2591,森
2592,森
2593,森
2594,森
2595,森
2596,森
2597,森風
2598,森
2599,森
2600,
2601,
2602,シミュ森
2603,森
2604,森
2605,森
2606,森
2607,森
2608,
2609,ジャングル高橋
2610,
2611,ジャングル高橋
2612,高橋
2613,高橋
2614,高橋
2615,高橋
2616,高橋
2617,高橋
2618,高橋
2619,高橋
2620,高橋
2621,高橋
2622,高橋
2623,高橋
2624,高橋
2625,高橋
2626,高橋
2627,高橋
2628,高橋
2629,高橋
2630,高橋
2631,ジャングル高橋
2632,高橋
2633,高橋
2634,高橋
2635,高橋
2636,高橋
2637,高橋
2638,高橋
2639,高橋
2640,高橋
2641,高橋
2642,高橋
2643,ジャングル高橋
2644,
2645,ジャングル高橋
2646,
2647,高橋
2648,高橋
2649,高橋
2650,高橋
2651,高橋
2652,高橋
2653,高橋
2654,高橋
2655,高橋
2656,高橋
2657,ｼﾐｭﾚｰﾄ･ｼﾞｬﾝｸﾞﾙ高橋
2658,高橋
2659,高橋
2660,高橋
2661,高橋
2662,
2663,高橋
2664,高橋
2665,高橋
2666,高橋
2667,
2668,高橋
2669,高橋
2670,高橋
2671,高橋
2672,高橋
2673,高橋
2674,高橋
2675,高橋
2676,高橋
2677,高橋
2678,
2679,Venきなこ
2680,Venきなこ
2681,Venきなこ
2682,Venきなこ
2683,Venきなこ
2684,Venきなこ
2685,Venきなこ
2686,Venきなこ
2687,UNKNOWN
2688,UNKNOWN
2689,UNKNOWN
2690,UNKNOWN
2691,UNKNOWN
2692,UNKNOWN
2693,UNKNOWN
2694,UNKNOWN
2695,UNKNOWN
2696,UNKNOWN
2697,UNKNOWN
2698,UNKNOWN
2699,
2700,フサキン
2701,フサキン
2702,フサキン
2703,フサキン
2704,フサキン
2705,フサキン
2706,
2707,マリキン
2708,マリキン
2709,マリキン
2710,マリキン
2711,マリキン
2712,マリキン
2713,
2714,
2715,絶対避けるマリキン
2716,絶対避けるフサキン
2717,絶対避けるジャングル高橋
2718,U絶対避けるNKNOWN
2719,絶対避けるｼﾐｭﾚｰﾄ･ｼﾞｬﾝｸﾞﾙ高橋
2720,絶対避けるVenきなこ
2721,絶対避ける超越者
2722,超越者
2723,超越者
2724,超越者
2725,超越者
2726,絶対避けるジャーマン
2727,
2728,親玉みかんゼリー
2729,親玉ｵｵﾅﾒｸｼﾞｬｯｸ
2730,親玉ポメラニアン
2731,親玉低スぺPC
2732,親玉カツ
2733,親玉20歳の自分へ
2734,親玉ビン底メガネ
2735,親玉ザンゲフォックス
2736,親玉オペアンプカニ
2737,親玉タチバサミ
2738,親玉退職届
2739,
2740,親玉捕食者
2741,親玉コオリトリ
2742,親玉ノイズロブスター
2743,親玉マリキオス
2744,親玉ブンブンキラー
2745,親玉ナイチンゲール
2746,親玉バクシマンティス
2747,親玉マリザード
2748,親玉ペインブレード
2749,親玉ジリジリ
2750,親玉スマイルアンカー
2751,親玉アザポッド
2752,親玉オリジンボンバ
2753,親玉ゴジゴジモンゲー
2754,親玉マコトニアザトース
2755,親玉ファンタコブラ
2756,親玉フォートファルチェ
2757,親玉ガンギマリガイ
2758,親玉カレーパンマリキン
2759,親玉アルファトロフィ
2760,親玉カオスチンパンジー
2761,親玉ネオチンポコザウルス
2762,●●●追スト4●●●
2763,フワンソワ
2764,ベテラン研修兵
2765,フワンソワ
2766,フワ【立モ】
2767,フワ【立モ】
2768,フワ【立モ】
2769,
2770,フワ【技モ】
2771,フワ【技モ】
2772,フワ【技モ】
2773,フワ【技モ】
2774,フワ【技モ】
2775,フワ【技モ】
2776,フワ【技モ】
2777,
2778,
2779,
2780,フワ【技モ】
2781,フワ【技モ】
2782,フワ【技モ】
2783,フワ【技モ】
2784,フワ【技モ】
2785,フワ【技モ】
2786,フワ【技モ】
2787,フワ【技モ】
2788,フワ【技モ】
2789,フワ【技モ】
2790,フワ【避モ】
2791,フワ【避モ】
2792,フワ【避モ】
2793,フワ【避モ】
2794,
2795,ヘルハウンドスコイ
2796,ヘル【立モ】
2797,ヘル【立モ】
2798,●フワンソワ【最終】
2799,フワンソワ
2800,フワ【立モ】
2801,フワ【立モ】
2802,フワ【立モ】
2803,フワ【立モ】
2804,フワ【立モ】
2805,フワ【立モ】
2806,フワ【立モ】
2807,フワ【立モ】
2808,
2809,
2810,フワ【立モ】
2811,
2812,
2813,フワ【立モ】
2814,フワ【立モ】
2815,フワ【立モ】
2816,フワ【立モ】
2817,フワ【立モ】
2818,フワ【立モ】
2819,フワンソワ
2820,
2821,クリムゾンハウンド
2822,クリムゾンハウンド
2823,
2824,凶悪なフサキン
2825,凶悪【立モ】
2826,凶悪【立モ】
2827,凶悪【立モ】
2828,凶悪【立モ】
2829,凶悪【立モ】
2830,凶悪【攻モ】
2831,凶悪【攻モ】
2832,凶悪【攻モ】
2833,凶悪【攻モ】
2834,凶悪【攻モ】
2835,凶悪【攻モ】
2836,
2837,凶悪【攻モ】
2838,凶悪【攻モ】
2839,凶悪【攻モ】
2840,凶悪【攻モ】
2841,凶悪【攻モ】
2842,凶悪【攻モ】
2843,凶悪【攻モ】
2844,凶悪【攻モ】
2845,
2846,シャドウハンター
2847,シャドウ【立モ】
2848,シャドウ【立モ】
2849,シャドウ【立モ】
2850,シャドウ【立モ】
2851,シャドウ【立モ】
2852,シャドウ【攻モ】
2853,シャドウ【攻モ】
2854,シャドウ【攻モ】
2855,シャドウ【攻モ】
2856,シャドウ【攻モ】
2857,
2858,K-wasp
2859,K-wasp【立モ】
2860,K-wasp【攻モ】
2861,K-wasp【攻モ】
2862,K-wasp【攻モ】
2863,K-wasp【攻モ】
2864,K-wasp【攻モ】
2865,
2866,ヅあ
2867,ヅあ【立モ】
2868,ヅあ【立モ】
2869,ヅあ【立モ】
2870,ヅあ【立モ】
2871,ヅあ【立モ】
2872,ヅあ【立モ】
2873,
2874,ヘルハウンド【立モ】
2875,ヘルハウンド【立モ】
2876,ヘルハウンド【立モ】
2877,ヘルハウンド【攻モ】
2878,ヘルハウンド【攻モ】
2879,ヘルハウンド【攻モ】
2880,ヘルハウンド【攻モ】
2881,ヘルハウンド【攻モ】
2882,ヘルハウンド【攻モ】
2883,ヘルハウンド【攻モ】
2884,ヘルハウンド【攻モ】
2885,ヘルハウンド【攻モ】
2886,ヘルハウンド【攻モ】
2887,ヘルハウンド【攻モ】
2888,
2889,
2890,
2891,
2892,
2893,
2894,ヘルハウンド【立モ】
2895,ヘルハウンド【立モ】
2896,ヘルハウンド【立モ】
2897,ヘルハウンド【攻モ】
2898,ヘルハウンド【攻モ】
2899,ヘルハウンド【攻モ】
2900,ヘルハウンド【攻モ】
2901,ヘルハウンド【攻モ】
2902,ヘルハウンド【攻モ】
2903,ヘルハウンド【攻モ】
2904,ヘルハウンド【攻モ】
2905,ヘルハウンド【攻モ】
2906,ヘルハウンド【攻モ】
2907,ヘルハウンド【攻モ】
2908,
2909,
2910,
2911,クリムゾンハウンド
2912,
2913,
2914,クリムゾン【立モ】
2915,クリムゾン【立モ】
2916,クリムゾン【立モ】
2917,クリムゾン【攻モ】
2918,クリムゾン【攻モ】
2919,クリムゾン【攻モ】
2920,クリムゾン【攻モ】
2921,クリムゾン【攻モ】
2922,クリムゾン【攻モ】
2923,クリムゾン【攻モ】
2924,クリムゾン【攻モ】
2925,クリムゾン【攻モ】
2926,クリムゾン【攻モ】
2927,クリムゾン【攻モ】
2928,
2929,SPB
2930,SPB【立モ】
2931,SPB【立モ】
2932,SPB【立モ】
2933,SPB【立モ】
2934,SPB【立モ】
2935,SPB【技モ】
2936,SPB【技モ】
2937,SPB【技モ】
2938,SPB【技モ】
2939,SPB【技モ】
2940,SPB【技モ】
2941,SPB【技モ】
2942,SPB【立モ】
2943,SPB【技モ】
2944,SPB【技モ】
2945,SPB【技モ】
2946,SPB【技モ】
2947,●●第二形態
2948,凶悪なフサキン
2949,凶悪【立モ】
2950,凶悪【立モ】
2951,凶悪【立モ】
2952,凶悪【立モ】
2953,凶悪【立モ】
2954,凶悪【立モ】
2955,凶悪【立モ】
2956,凶悪【立モ】
2957,凶悪【立モ】
2958,凶悪【立モ】
2959,凶悪【立モ】
2960,凶悪【立モ】
2961,凶悪【立モ】
2962,凶悪【立モ】
2963,●●変形
2964,凶悪なフサキン
2965,凶悪【立モ】
2966,凶悪【立モ】
2967,凶悪【立モ】
2968,凶悪【立モ】
2969,凶悪【立モ】
2970,凶悪【立モ】
2971,凶悪【立モ】
2972,凶悪【立モ】
2973,凶悪【立モ】
2974,凶悪【立モ】
2975,凶悪【立モ】
2976,
2977,凶悪【攻モ】
2978,凶悪【攻モ】
2979,凶悪【攻モ】
2980,凶悪【攻モ】
2981,凶悪【攻モ】
2982,凶悪【攻モ】
2983,凶悪なフサキン
2984,
2985,凶悪なフサキン
2986,
2987,ホモビ型ロボット
2988,ホモビ型ロボット
2989,ホモビ型ロボット
2990,
2991,ジェラルディ
2992,ジェラルディ
2993,ジェラルディ
2994,ジェラルディ
2995,ジェラルディ
2996,ジェラルディ
2997,ジェラルディ
2998,
2999,
3000,
3001,ジェラルディ
3002,ジェラルディ
3003,ジェラルディ
3004,ジェラルディ
3005,ジェラルディ
3006,ジェラルディ
3007,ジェラルディ
3008,
3009,●キリミやられ(笑)
3010,キリミ
3011,キリミ
3012,キリミ
3013,キリミ
3014,キリミ
3015,キリミ
3016,キリミ
3017,キリミ
3018,キリミ
3019,キリミ
3020,キリミ
3021,キリミ
3022,おわり
3023,キリミ
3024,キリミ
3025,
3026,ネオ・BTT=Mk2
3027,
3028,ネオB
3029,ネオB
3030,ネオB
3031,ネオB
3032,ネオB
3033,ネオB
3034,ネオB
3035,ネオB
3036,ネオB
3037,ネオB
3038,ネオB
3039,ネオB
3040,ネオB
3041,
3042,ネオB
3043,ネオB
3044,ネオB
3045,ネオB
3046,ネオB
3047,
3048,ネオB
3049,ネオB
3050,ネオB
3051,ネオB
3052,ネオB
3053,ネオB
3054,ネオB
3055,ネオB
3056,ネオB
3057,ネオB
3058,ネオB
3059,ネオB
3060,ネオB
3061,
3062,
3063,
3064,ポメティ
3065,ポメティ
3066,ポメティ
3067,ポメティ
3068,ポメティ
3069,ポメティ
3070,ポメティ
3071,ポメティ
3072,ポメティ
3073,
3074,ポメティ
3075,ポメティ
3076,ポメティ
3077,ポメティ
3078,ポメティ
3079,ポメティ
3080,ポメティ
3081,ポメティ
3082,ポメティ
3083,
3084,ユンボマン
3085,ユンボマン
3086,
3087,E:原生林
3088,E:高温区域
3089,E:アラP
3090,E:ﾛｰﾘﾝｸﾞ山脈
3091,E:スマヌー山岳
3092,E:ウンアツ遺跡
3093,E:アカバン炭鉱
3094,E:バンジー山脈中
3095,E:バンジー山脈外
3096,E:クソガキ地下水道
3097,E:アラP深部
3098,E:ﾛｰﾘﾝｸﾞ山脈深部
3099,E:悟りのやしろ
3100,E:セキゴウ
3101,E:ニテツ峠
3102,E:ビブラート鉱山
3103,E:メセ遺跡
3104,E:ラップイヤ
3105,E:アマゾンヌ1
3106,E:アマゾンヌ2
3107,E:メンヘリア
3108,E:アルターラボ
3109,E:秘境
3110,E:過ちの霊園
3111,E:ラップイヤ2
3112,
3113,ゼロツボシ
3114,ラヴラス
3115,アタランティス
3116,E:メサイア1
3117,E:メサイア2
3118,E:メサイア3
3119,E:MDビル
3120,E:MDビル2
3121,ラヴラス【立モ】
3122,ラヴラス【立モ】
3123,ラヴラス【立モ】
3124,ラヴラス【立モ】
3125,ラヴラス【立モ】
3126,ラヴラス【立モ】
3127,ラヴラス【立モ】
3128,ラヴラス【立モ】
3129,おマンティス【立モ】
3130,おマンティス【立モ】
3131,おマンティス【立モ】
3132,おマンティス【立モ】
3133,おマンティス【立モ】
3134,おマンティス【立モ】
3135,おマンティス【立モ】
3136,おマンティス【立モ】
3137,おマンティス【立モ】
3138,おマンティス【立モ】
3139,バクシマンティス【立モ】
3140,バクシマンティス【立モ】
3141,バクシマンティス【立モ】
3142,バクシマンティス【立モ】
3143,バクシマンティス【立モ】
3144,バクシマンティス【立モ】
3145,バクシマンティス【立モ】
3146,バクシマンティス【立モ】
3147,バクシマンティス【立モ】
3148,バクシマンティス【立モ】
3149,アタランティス【立モ】
3150,アタランティス【立モ】
3151,アタランティス【立モ】
3152,アタランティス【立モ】
3153,アタランティス【立モ】
3154,アタランティス【立モ】
3155,アタランティス【立モ】
3156,アタランティス【立モ】
3157,アタランティス【立モ】
3158,アタランティス【立モ】
3159,ゼロツボシ【立モ】
3160,●●●●●●●●●●
3161,ﾌｨｰﾙﾄﾞ:ｸｿｶﾞｷ1
3162,ﾌｨｰﾙﾄﾞ:ｸｿｶﾞｷ2
3163,ﾌｨｰﾙﾄﾞ:砂漠
3164,ﾌｨｰﾙﾄﾞ:ﾆﾝｼﾞﾝ
3165,ﾌｨｰﾙﾄﾞ:ﾊﾞﾅﾅﾗﾝﾄﾞ
3166,ﾌｨｰﾙﾄﾞ:ﾏｽﾀﾍﾞ
3167,ﾌｨｰﾙﾄﾞ:ｿｰﾛｯﾄ
3168,ﾌｨｰﾙﾄﾞ:浜･海
3169,ﾌｨｰﾙﾄﾞ:ｶﾞﾊﾟﾆｰｽﾞ
3170,ﾌｨｰﾙﾄﾞ:廟堂
3171,ﾌｨｰﾙﾄﾞ:ﾈｵﾁｰﾀ
3172,ﾌｨｰﾙﾄﾞ:ｵｵﾓﾘ
3173,ﾌｨｰﾙﾄﾞ:海域1
3174,ﾌｨｰﾙﾄﾞ:海域2
3175,ﾌｨｰﾙﾄﾞ:海域3
3176,ﾌｨｰﾙﾄﾞ:ﾊﾞﾅﾅﾗﾝﾄﾞ2
3177,ﾌｨｰﾙﾄﾞ:ｵｵﾓﾘ2
3178,E:ｷｬｽﾄ
3179,E:ｷｬｽﾄ･ｼﾞｬｰｽﾞ
3180,E:ｷｬｽﾄ･ｸﾞﾗｰｺｽ
3181,E:ｷｬｽﾄ･ｶﾘﾌﾞﾛｲﾔ
3182,E:ｷｬｽﾄ･ﾊﾞﾘｳﾏｰﾏﾝ
3183,
3184,
3185,
3186,
3187,
3188,
3189,
3190,
3191,
3192,
3193,
3194,
3195,
3196,
3197,
3198,
3199,
