1,スマホのようなもの,冒険のヒント等を見る事ができる。
ショートカット：\{\I[6713]\}
2,ネタバレポート,どこでもセーブできる。連続使用不可
ショートカット：\{\I[6713]\}
3,クスネルハンド,モンスターから アイテムを 採取するための手袋。
上手く採るには 根気が必要。
4,トゥルトゥルパヒューム,魔物を呼びよせる。使っても無くならない。
ショートカット：\{\I[6713]\}
5,大賢者モードの錫杖,味方全員のHPを 50%回復する、何度でも使える錫杖。
\C[21]同一ターンで複数回 使用できない。\C[0]【戦闘時限定】
6,コインボックス,コインの所持数・\V[111]枚
7,材料リスト,フサキンから貰った『便利なモノ』を作るための
材料を記したメモ。
8,世界地図,現在地や行った事のある地を指し示してくれる地図。
ショートカット：\{\I[6713]\}
9,賢者モードの杖,味方全員のHPを 25%回復する、何度でも使える杖。
\C[21]同一ターンで複数回 使用できない。\C[0]【戦闘時限定】
10,まいど巻き,味方一人のHPを 150回復する。
11,上まいど巻き,味方一人のHPを 300回復する。
12,超まいど巻き,味方一人のHPを 600回復する。
13,マザイ,味方一人のMPを 15回復する。
14,ジャスミンマザイ,味方一人の ｲﾝﾌﾙ・ﾔｸ漬・催眠・頭痛を回復する。
15,リバイブマザイ,戦闘不能状態の仲間をHP 50%で蘇生させる。
16,超リバイブマザイ,戦闘不能者を完全回復して蘇生させる。
17,赤マザイ,味方一人の攻撃力を一段階 強化する。
すこし早めに使用できる。
18,青マザイ,味方一人の防御力を一段階 強化する。
すこし早めに使用できる。
19,コピック,顔面に塗ることで 魔物が寄りつかなくなる。
効果持続中に戦闘に巻き込まれると 強制解除される。
20,ナナメブレッド,香ばしく焼きあがったパン。
21,ギンタマゴ,普通の卵。
22,マスタベーコン,カリッと焼いたベーコン。
そのまま食べても美味しい！
23,ヒキミート,脂身たっぷりの生肉。
24,サイコパスタ,茹でて食べる細長い穀物。
25,ソクセキめん,お湯を入れればあら不思議
26,フサライス,おいしそうなお米
意外と炊くのが難しい。
27,バチバチーズ,クリーミーで濃厚な高級チーズ。
28,マグミルク,甘くておいしい牛乳。
29,ビックバンココア,取扱注意。
30,カンパイカカオ,スモーキーな香りがする高価な木の実。
31,ポメパウダー,甘いものを作るのに使えそう。
32,サブレタス,どう見てもレタス。
緑が欲しい場合にどうぞ。
33,にんじん次郎,特徴的なシルエットの野菜。
34,オサルポテト,皮までおいしいイモ。
35,チャイルドトマト,冷やすととても美味しい小さなトマト。
36,たまねぎ三郎,刻む際には要注意。
37,アオリイカ,個性的な見た目の軟体動物。
38,シグマス,よく釣れる淡水魚。
刺身にしてもOC。
39,シグマグロ,人気ナンバーワンの魚。
昔は価値が無く、ゲロシグマグロと呼ばれていた。
40,ビダイ,とても美しい高級魚。
新鮮なうちに。
41,エンパイアパウダー,究極の料理を作るための高級食材。
42,ナナメサンド,味方全員のHPを 200回復する。
戦闘中に食べると 二食目以降 確率でデブになる。(3%)
43,上出来ナナメサンド,味方全員のHPを 300回復する。
戦闘中に食べると 二食目以降 確率でデブになる。(3%)
44,ニテツおにぎり,味方全員のHPを 200回復する。
戦闘中に食べると 二食目以降 確率でデブになる。(3%)
45,上出来ニテツおにぎり,味方全員のHPを 300回復する。
戦闘中に食べると 二食目以降 確率でデブになる。(3%)
46,コナイラーメン,味方全員のHPを 400回復する。
戦闘中に食べると 二食目以降 確率でデブになる。(5%)
47,上出来コナイラーメン,味方全員のHPを 500回復する。
戦闘中に食べると 二食目以降 確率でデブになる。(5%)
48,ダンドリーチキン,味方全員のHPを 600回復する。
戦闘中に食べると 二食目以降 確率でデブになる。(7%)
49,上出来ダンドリーチキン,味方全員のHPを 700回復する。
戦闘中に食べると 二食目以降 確率でデブになる。(7%)
50,モニングトースト,味方全員のMPを 20回復する。
戦闘中に食べると 二食目以降 確率でデブになる。(3%)
51,上出来モニングトースト,味方全員のMPを 30回復する。
戦闘中に食べると 二食目以降 確率でデブになる。(3%)
52,マキタマゴ,味方全員のMPを 20回復する。
戦闘中に食べると 二食目以降 確率でデブになる。(3%)
53,上出来マキタマゴ,味方全員のMPを 30回復する。
戦闘中に食べると 二食目以降 確率でデブになる。(3%)
54,シラユリオムライス,味方全員のMPを 40回復する。
戦闘中に食べると 二食目以降 確率でデブになる。(5%)
55,上出来シラユリオムライス,味方全員のMPを 50回復する。
戦闘中に食べると 二食目以降 確率でデブになる。(5%)
56,モリモリハンバーグ,味方全員のMPを 80回復する。
戦闘中に食べると 二食目以降 確率でデブになる。(7%)
57,上出来モリモリハンバーグ,味方全員のMPを 100回復する。
戦闘中に食べると 二食目以降 確率でデブになる。(7%)
58,アオリイカの丸焼き,味方全員のAPPを 10チャージする。
戦闘中に食べると 二食目以降 確率でデブになる。(3%)
59,上出来アオリイカの丸焼き,味方全員のAPPを 15チャージする。
戦闘中に食べると 二食目以降 確率でデブになる。(3%)
60,ペロスカトーレ,味方全員のAPPを 15チャージする。
戦闘中に食べると 二食目以降 確率でデブになる。(5%)
61,上出来ペロスカトーレ,味方全員のAPPを 20チャージする。
戦闘中に食べると 二食目以降 確率でデブになる。(5%)
62,パカパカパッツァ,味方全員のAPPを 20チャージする。
戦闘中に食べると 二食目以降 確率でデブになる。(7%)
63,上出来パカパカパッツァ,味方全員のAPPを 25チャージする。
戦闘中に食べると 二食目以降 確率でデブになる。(7%)
64,,
65,,
66,にんじんフルコース,味方全員のHPとMPを 30%回復する。
戦闘中に食べると 二食目以降 確率でデブになる。(3%)
67,上出来にんじんフルコース,味方全員のHPとMPを 40%回復する。
戦闘中に食べると 二食目以降 確率でデブになる。(3%)
68,パカパルカレー,味方全員のHPとMPを 50%回復する。
戦闘中に食べると 二食目以降 確率でデブになる。(5%)
69,上出来パカパルカレー,味方全員のHPとMPを 60%回復する。
戦闘中に食べると 二食目以降 確率でデブになる。(5%)
70,オサルポテトパイ,味方全員のHPとMPを 70%回復する。
戦闘中に食べると 二食目以降 確率でデブになる。(10%)
71,上出来オサルポテトパイ,味方全員のHPとMPを 80%回復する。
戦闘中に食べると 二食目以降 確率でデブになる。(10%)
72,,
73,,
74,ブカブカパンケーキ,味方全員のHPとMPを 70%回復する。攻防 一段階強化
戦闘中に食べると 二食目以降 確率でデブになる。(14%)
75,上出来ブカブカパンケーキ,味方全員のHPとMPを 80%回復する。攻防 二段階強化
戦闘中に食べると 二食目以降 確率でデブになる。(14%)
76,ガトー･ショコラ,味方全員のHPとMPを 80%回復する。攻防 二段階強化
戦闘中に食べると 二食目以降 確率でデブになる。(20%)
77,濃厚絶品ガトー･ショコラ,全員のHPとMPと状態異常を 100%回復する。攻防 最大強化
戦闘中に食べると 二食目以降 確率でデブになる。(20%)
78,生命のマザイ,ステータスに＋値を付与する特製のマザイ。
最大HP +12
79,魔法のマザイ,ステータスに＋値を付与する特製のマザイ。
最大MP +4
80,猛攻のマザイ,ステータスに＋値を付与する特製のマザイ。
攻撃力 +2
81,守備のマザイ,ステータスに＋値を付与する特製のマザイ。
防御力 +2
82,俊敏のマザイ,ステータスに＋値を付与する特製のマザイ。
敏捷性 +2
83,超マザイ,味方一人のMPを 250回復する。
84,ガッツアルケム,根性が確定で発動する効果を与える。
85,キュアスプレー,味方全員のHPを 50%回復する。
86,ダイヤモンドの書,使用ターンの間、味方一人を鉄壁状態にする。
【先制発動】
87,ソウルポーション,味方一人をマジギレ覚醒させる。
88,超赤マザイ,味方一人の攻撃力を一定時間 最大強化する。
すこし早めに使用できる。
89,超青マザイ,味方一人の防御力を一定時間 最大強化する。
すこし早めに使用できる。
90,,
91,ヴァニタス・コア,ヴァニタスのコアとなった
あづキンを繋いでいたパーツ。
92,,
93,,
94,,
95,ナナメアユ,レアリティ:\C[17]★
\C[0]名前のわりに一直線にしか泳げない
96,クソガキニシン,レアリティ:\C[17]★
\C[0]よくアニサキスザッパーしてから食べよう
97,カロウシヒラメ,レアリティ:\C[17]★
\C[0]ヒラメとカレイって何が違うんですか
98,サブレタチウオ,レアリティ:\C[17]★
\C[0]顔バレで炎上し、住処を追われている
99,マスタベフナ,レアリティ:\C[17]★
\C[0]趣味はサメ映画の発掘
100,ソーロットムール貝,レアリティ:\C[17]★
\C[0]生き別れの弟を探している
101,コピピアサリ,レアリティ:\C[17]★
\C[0]心を許した者にのみ開くため、まずは友達になろう
102,ビブラートガキ,レアリティ:\C[17]★
\C[0]食べると腹から断末魔が聞こえる
103,バンジーエビ,レアリティ:\C[17]★
\C[0]ﾊﾞﾝｼﾞｰｼﾞｬﾝﾌﾟを嗜み、よく滝から降ってくる
104,ニテツイカ,レアリティ:\C[17]★
\C[0]匿名掲示板で悪口を書きまくっている
105,アイアイコンブ,レアリティ:\C[17]★
\C[0]自分の事をお猿さんだと思い込んでいる
106,,
107,ナナメマグロ,レアリティ:\C[17]★★
\C[0]泳ぐと死んでしまう
108,クソガキワカサギ,レアリティ:\C[17]★★
\C[0]この世界に必要なのは武力と圧政だと考えている
109,カロウシキンメダイ,レアリティ:\C[17]★★
\C[0]キンメダイってタイじゃないらしい・・・
110,サブレカツオ,レアリティ:\C[17]★★
\C[0]推しが炎上した
111,マスタベフグ,レアリティ:\C[17]★★
\C[0]鼻毛が異常に伸びる猛毒を持った魚
112,ソーロットウナギ,レアリティ:\C[17]★★
\C[0]得意科目は保健体育
113,コピピハギ,レアリティ:\C[17]★★
\C[0]剥ぐ前に「ほんとに剥ぐの？」と何度も聞いてくる
114,ビブラートイワシ,レアリティ:\C[17]★★
\C[0]必殺技は「腰をいわしたw」
115,バンジーダツ,レアリティ:\C[17]★★
\C[0]超攻撃的で、釣ったら顔を褒めないと殺される
116,ニテツカニ,レアリティ:\C[17]★★
\C[0]面接で受かったことが無い悲しいカニ
117,アイアイダコ,レアリティ:\C[17]★★
\C[0]自分が好物で、ワサビと醤油を持ち歩いている
118,,
119,ナナメブリ,レアリティ:\C[17]★★★
\C[0]飛行形態に変形する事が出来る
120,クソガキメバル,レアリティ:\C[17]★★★
\C[0]昔ネットに書いた書き込みがミームになった
121,カロウシサーモン,レアリティ:\C[17]★★★
\C[0]26連勤中
122,サブレウツボ,レアリティ:\C[17]★★★
\C[0]フロッグシグマや捕食者を食べる
123,マスタベアンコウ,レアリティ:\C[17]★★★
\C[0]作っているゲームが一生完成しない
124,ソーロットカジキ,レアリティ:\C[17]★★★
\C[0]高級魚の自覚が無いのですぐ釣られる
125,コピピトビウオ,レアリティ:\C[17]★★★
\C[0]成長すると雄大な翼をその身に宿し、大空へ羽ばたく
126,ビブラートイタチウオ,レアリティ:\C[17]★★★
\C[0]カラオケがめちゃくちゃ上手い
127,バンジーシャーク,レアリティ:\C[17]★★★
\C[0]お母さん以外には強気
128,ニテツオトシゴ,レアリティ:\C[17]★★★
\C[0]ソシャゲのシナリオを全部スキップする
129,アイアイエビ,レアリティ:\C[17]★★★
\C[0]エビの王様。部下はいない
130,ミスターイトウ,レアリティ:\C[17]★★★★
\C[0]幻の淡水魚。滑舌がめちゃくちゃ悪い
131,ダリャリャガニ,レアリティ:\C[17]★★★★
\C[0]とある戦闘民族の末裔。弱すぎて絶滅危惧種に
132,アイリスマモンナイト,レアリティ:\C[17]★★★★
\C[0]激レアの軟体生物。週3でサウナに行く
133,ドチクショニシキゴイ,レアリティ:\C[17]★★★★
\C[0]そもそも私達は釣られたかったわけではない。ここの素晴らしい
134,ギンガ・ク・リオネ,レアリティ:\C[17]★★★★★
\C[0]透明の美しい姿をしているが、クチャラーの肉食。
135,人類の汚点,レアリティ:-
海はお前のゴミ箱ではない
136,頭ﾌﾟﾙﾌﾟﾙﾁﾝﾁﾝﾌﾟｯﾁﾝﾌﾟﾘﾝ,戦闘不能の味方全員を蘇生し、鉄壁を付与する。
【戦闘時限定】【デブ付与(0%)】
137,解放のペンダント,不思議なチカラで 1度だけ苦難な状況を
打開できるありがた～いアイテム・・・らしい。
138,謎の鍵,何処で使う物なのか一切わからない
謎の鍵。
139,沼鉱石,レアリティ:\C[17]★
\C[0]主に建築物等で使われる汎用性の高い鉱石。
140,ゴミーメタル,レアリティ:\C[17]★
\C[0]重くて重厚感のある、武器の加工に適した鉱石。
141,バカライト鉱石,レアリティ:\C[17]★
\C[0]多彩な用途があり、安価ながら需要の高い鉱石。
142,ザツストーン,レアリティ:\C[17]★
\C[0]微かに冷気を放っている不思議な石。
143,バンジークォーツ,レアリティ:\C[17]★
\C[0]微弱な妖気が込められた魔石。
144,マザイアナイト,レアリティ:\C[17]★
\C[0]目が覚めるような輝きを放つ鉱石。
145,二徹石,レアリティ:\C[17]★★
\C[0]持つ者は病弱になってしまう いわくつきの石。
146,スナシキクォーツ,レアリティ:\C[17]★★
\C[0]色あせた水晶だが、加工次第で鮮やかに光る。
147,ホモビメタル,レアリティ:\C[17]★★
\C[0]大きくて硬い """"漢""""らしい鉱石。
148,マザイアクォーツ,レアリティ:\C[17]★★★
\C[0]周辺の酸素濃度が上昇し、身体が軽くなる魔結晶。
149,エラーストーン,レアリティ:\C[17]★★★
\C[0]電気を蓄積する性質のある鉱石。
150,リアルウン鉱石,レアリティ:\C[17]★★★
\C[0]マニアからは定評のある、芳醇な香りがする鉱石。
151,アニサキ水晶,レアリティ:\C[17]★★★
\C[0]他の鉱石に寄生するように生成される希少な水晶。
152,ガイポライト鉱石,レアリティ:\C[17]★★★
\C[0]寒冷地で生成される、清涼感が美しい天然石。
153,ヌマジスト,レアリティ:\C[17]★★★
\C[0]僅かな闇のチカラを感じる守護石。
154,デアエルビー,レアリティ:\C[17]★★★★★
\C[0]五大貴石の一つ。赤く輝く宝石の女王。
155,デアエサファイア,レアリティ:\C[17]★★★★★
\C[0]五大貴石の一つ。透き通った蒼が見た者を虜にする。
156,ﾀｲｼｮｸｴﾒﾗﾙﾄﾞ,レアリティ:\C[17]★★★★★
\C[0]五大貴石の一つ。美しくカットするのは至難の業。
157,ﾒﾉﾏｴﾆﾀﾞｲﾔﾓﾝﾄﾞ,レアリティ:\C[17]★★★★★
\C[0]五大貴石の一つ。大人が忘れた無垢な輝きを放つ。
158,シグマサンドライト,レアリティ:\C[17]★★★★★
\C[0]五大貴石の一つ。類を見ない輝きは皆伝制覇の証。
159,マイドニウム結晶,レアリティ:\C[17]★★★★★
\C[0]この世界で最も希少価値の高い正体不明の鉱物。
160,下水天然水,クソガキ地下水道で手に入れたあるものを
作るための材料。
161,Gスティック&ボール,アラサーピラミッド下層で手に入れたあるものを
作るための材料。
162,メタポメの産毛,ローリング山脈の秘境で手に入れたあるものを
作るための材料。
163,賢者モードの石,マスタベタウンで手に入れたあるものを
作るための材料。
164,イチゴダイフク,ニンジンタウンで手に入れたフサキンの好物。
165,ペンダントのレシピ,総本山で手に入れたなにかのマニュアル。
166,謎の出土品,採掘で手に入れた謎の物体。

167,謎の出土品,採掘で手に入れた謎の物体。

168,謎の出土品,採掘で手に入れた謎の物体。

169,禁忌のマザイ箱,秘密屋特製の マザイがランダムに 梱包されている。
使用することで 中身を入手する。
170,禁忌のマザイ:HP,最大HPが 20上昇する。
171,禁忌のマザイ:MP,最大MPが 10上昇する。
172,禁忌のマザイ:ATK,最大攻撃力が 4上昇する。
173,禁忌のマザイ:DEF,最大防御力が 4上昇する。
174,禁忌のマザイ:AGI,最大敏捷性が 4上昇する。
175,イチゴダイフク,味方一人のAPPを 40チャージする幻の菓子。
入手難度の高さから 転売で稼ぐ輩も。
176,ズゾゾコーヒー,味方一人のMPを 30回復する。
177,マスタベ団子,味方一人のHPを 50回復する。
178,サッチュボンバ,敵全体にダメージ。虫系のエネミーに効果絶大！
【物:\I[6142]】
179,特産りんご,味方一人のAPPを 10チャージする。
180,チャフボンバ,敵全体にダメージ。マシン系のエネミーに効果絶大！
【物:\I[6142]】
181,フサフサインク,戦闘中に使うと 敵全体に確率で目潰し効果。
【目潰し付与(80%)】
182,アチチマッチ,発火する木の棒。
氷漬けの味方を治す事が出来るが軽度のダメージを負う
183,ツルハシ,鉱石を 採掘できる。
破壊確率･40%
184,スーパーツルハシ,鉱石を 採掘できる。レアな鉱石が 出やすい。
破壊確率･20%
185,ゴッドツルハシ,鉱石を 採掘できる。レアな鉱石が かなり出やすい。
破壊確率･10%
186,アルティメットツルハシ,鉱石を 採掘できる。レアな鉱石が 一番出やすい。
破壊確率･10%
187,ワビストーン,ヤミナベクリスタルに捧げると・・・？
188,ヘソクソ,売却用アイテム。
小遣い程度には なりそう。
189,ｺﾞｰﾙﾃﾞﾝﾍｿｸｿ,売却用アイテム。
最高の錬成素材にも なりそうだ。
190,,
191,固形物質,一応体力を100回復する。
192,ゲロ,マジで利用価値が無い。スペースの無駄
193,うんこ,うんこになる
194,悪臭うんこ,相手は死ぬ(ボスなど特殊な敵には無効)
195,特濃うんこ,相手は全員死ぬ(ボスなど特殊な敵には無効)
196,遺跡の鍵,どこかの扉を開く鍵。
197,EXPマザイ,味方一人のEXPが10000上昇する。
198,書庫の鍵,総本山のとある部屋の鍵のようだ。
199,ゾラ手羽,食べると最大HPの半分のダメージを受け、
インフル状態になるゴミ。
200,ネカマツルハシ,ネカマッドチャレンジ専用のツルハシ。
最初からボロボロな気がする。
201,,
202,,
203,,
204,,
205,なし,
206,戻る,交換をキャンセルします。
207,,
208,MDカードキー,社員に渡されるカードキー。
209,,
210,,
211,,
212,ロッド,ロッドスポットで魚釣りが出来る 消耗品。
213,ハイロッド,ロッドスポットで魚釣りが出来る 消耗品。
レアリティの高い獲物が かかりやすい上物。
214,タイコウボウ,ロッドスポットで魚釣りが出来る。
逃げられない限り 消耗しない 特上物。
215,キーハンドル,ゲートを開くために必要な取り付け型のハンドル。
216,メインゲートの鍵,ゲートを開くために必要な社員の持つ鍵。
217,マインディーカードキー,社員に渡されるカードキー。
ほぼすべてのセキュリティーを解除できる。
218,ザウルスメダル,隠れザウルスを確認した証。
いらない。
219,ザウルスエキス,ヤベーエキス。
220,ソウルハート,数多の死闘の記憶が宿った 魂の宝珠。
どうやら鑑定する必要がありそうだ。
221,ツワモノの証,強敵をその手で倒した証。
まだ見ぬ強敵がシグキン達を待っている・・・
222,錆びついたロッド,錆びついてしまったロッド。
とある鉱石があれば修繕できるらしい。
223,,
224,小さな鍵,錆びついた小さな鍵。
225,B棟の鍵,管制塔のB棟へ入ることが出来る鍵。
226,,
227,ハウジングパス,マイルームの登録に使用する許可証。
228,戻る,ルームユニットの設置をキャンセルします。
229,,
230,シンプルミニチェア,シンプルな木製の丸椅子。
【サイズ:1×1】
231,シンプルチェア,背もたれの付いた木製の椅子。
【サイズ:1×1】【向き変更可】
232,シンプルベッド,背もたれの付いた木製のベッド。
【サイズ:1×1】
233,シンプルデスク,シンプルな木製の机。
【サイズ:1×1】
234,シンプルクロゼット,シンプルな木製のクロゼット。
【サイズ:1×2】
235,シンプルキャビネット,シンプルな木製のキャビネット。
【サイズ:1×2】
236,シンプルシェルフ,シンプルな木製の本棚。
【サイズ:1×3】
237,シンプルテーブル,シンプルな木製のテーブル。
【サイズ:2×1】【向き変更可】
238,シンプルラック,シンプルな木製の収納家具。
【サイズ:1×3】
239,シンプルソファ,シンプルな木製のソファ。
【サイズ:2×1】【向き変更可】
240,シンプルラージシェルフ,シンプルな木製の大型収納家具。
【サイズ:2×3】
241,シンプルクロック,シンプルな木製の振り子時計。
【サイズ:1×2】
242,オ・サーラ,シンプルな空のお皿。
【サイズ:1×1】
243,オ・サーラB,シンプルな空のお皿。何枚も重なっている。
【サイズ:1×1】
244,,
245,,
246,バサスプレッソ,芳醇な香りが漂う紳士の嗜み。
【サイズ:1×1】
247,コールド・ビアンコ,キンキンに冷えてやがるぜ
【サイズ:1×1】
248,デキャンタグラス,空っぽのデキャンタとグラス。
【サイズ:1×1】
249,ハルボン・ロッソ,愛好家に定評のあるすっきりとした味わいのワイン。
【サイズ:1×1】
250,デスクリキュール,未成年は呑むことが許されないと言う謎の飲料。
【サイズ:1×1】
251,クレイジーポーション,仕事の疲れに染み渡る発泡性の飲み物。
【サイズ:1×1】
252,,
253,レターセット,誰かへの手紙か、作品の執筆か・・・
【サイズ:1×1】【向き変更可】
254,ブンガクブック,部屋に本を飾って知的になろう！
【サイズ:1×1】【タイプ変更可】
255,ブンガクブックB,部屋に本を飾って知的になろう！
【サイズ:1×1】【タイプ変更可】
256,デスククロック,小さくて何処にでも置きやすい置時計。
【サイズ:1×1】
257,デスクブック,本の世界が卓上に広がる一品。
【サイズ:1×1】
258,コンパクトマット,マットとランプのアウトドア用品。
【サイズ:1×1】
259,ムゾウサ書類,無造作に散らかった書類。
【サイズ:1×1】
260,オールドマップ,古紙に写された世界地図。
【サイズ:1×1】
261,ペーパロール,研究資料を思わせる書類の巻物。
【サイズ:1×1】
262,テンビン,重さを計測するための器具。
【サイズ:1×1】
263,サンドボトル,砂を用いて時間を図る風変わりな時計。
【サイズ:1×1】
264,書斎ブック,詰みあがった洋書。
【サイズ:1×1】
265,サイエンスセット,魔剤の研究に使用される容器のセット。
【サイズ:1×1】
266,シックスツール,シックな丸椅子。
【サイズ:1×1】
267,シックチェア,シックな椅子。
【サイズ:1×1】【向き変更可】
268,シックデスク,シックな机。
【サイズ:1×1】
269,シックシェルフ,シックな本棚。
【サイズ:1×3】
270,シックミニシェルフ,シックな小型の本棚。
【サイズ:1×2】
271,シックチェスト,シックな収納家具。
【サイズ:1×3】
272,シックベッド,シックなベッド。
【サイズ:1×3】
273,ナチュラルチェア,ナチュラルな木製の椅子。
【サイズ:1×1】
274,ナチュラルデスク,ナチュラルな木製の机。
【サイズ:1×1】
275,ナチュラルベッド,ナチュラルな木製のベッド。
【サイズ:1×2】
276,ナチュラルシェルフ,ナチュラルな木製の本棚。
【サイズ:1×2】
277,ナチュラルクロゼット,ナチュラルな木製のクロゼット。
【サイズ:1×2】
278,ナチュラルテーブル,ナチュラルな木製の長テーブル。
【サイズ:2×1】【向き変更可】
279,ナチュラルラック,ナチュラルな木製の収納家具。
【サイズ:2×3】
280,ナチュラルラックB,ナチュラルな木製の収納家具。
【サイズ:2×3】
281,ナチュラルキッチン,ナチュラルな木製の調理台。
【サイズ:2×2】
282,ナチュラルダンロ,ナチュラルな旧式暖房器具。
【サイズ:3×3】
283,ナチュラルダブルベッド,ナチュラルな木製の大型ベッド。
【サイズ:2×3】
284,,
285,モダンチェア,モダンな上質の椅子。
【サイズ:1×1】【向き変更可】
286,モダンデスク,モダンな上質の机。
【サイズ:1×1】
287,モダンソファ,モダンな上質のソファ。
【サイズ:1×2】【向き変更可】
288,モダンシェルフ,モダンな上質の本棚。
【サイズ:1×2】
289,モダンキャビネット,モダンな上質のキャビネット。
【サイズ:1×2】
290,モダンラック,モダンな上質の収納家具。
【サイズ:2×3】
291,モダンラックB,モダンな上質の収納家具。
【サイズ:2×3】
292,モダンキッチン,モダンな上質の調理台。
【サイズ:2×2】
293,,
294,ビンテージミニチェア,古びた木製のスツール。
【サイズ:1×1】
295,ビンテージチェア,古びた木製の椅子。
【サイズ:1×1】【向き変更可】
296,ビンテージデスク,古びた木製の机。
【サイズ:1×1】
297,ビンテージベッド,古びた木製のベッド。
【サイズ:2×2】
298,ビンテージシェルフ,古びた木製の本棚。
【サイズ:1×2】
299,ビンテージクロゼット,古びた木製のクロゼット。
【サイズ:1×2】
300,ビンテージラック,古びた木製の収納家具。
【サイズ:2×3】
301,ビンテージラックB,古びた木製の収納家具。
【サイズ:2×3】
302,ビンテージキッチン,旧式の石製調理台。
【サイズ:2×2】
303,,
304,クラシックミニチェア,茶基調の上品なスツール。
【サイズ:1×1】
305,クラシックチェア,茶基調の上品な椅子。
【サイズ:1×1】【向き変更可】
306,クラシックデスク,茶基調の上品な机。
【サイズ:1×1】
307,クラシックベッド,茶基調の上品なベッド。
【サイズ:1×2】
308,クラシックシェルフ,茶基調の上品な本棚。
【サイズ:1×2】
309,クラシッククロゼット,茶基調の上品なクロゼット。
【サイズ:1×2】
310,クラシックテーブル,茶基調の上品なテーブル。
【サイズ:2×1】
311,クラシックワインセラー,茶基調の上品なワインセラー。
【サイズ:1×2】
312,クラシッククロック,茶基調の上品な振り子時計。
【サイズ:1×2】
313,クラシックストーブ,茶基調の上品な暖房器具。
【サイズ:3×2】
314,クラシックランプ,茶基調の上品なスタンドライト。
【サイズ:1×1】
315,クラシックカーテン,ワインレッド基調の上品なカーテン。
【サイズ:1×2】【タイプ変更可】
316,,
317,ロイヤルミニソファ,優美な装飾が目を引く小型ソファ。
【サイズ:1×1】
318,ロイヤルベッド,優美な装飾が目を引く大型ベッド。
【サイズ:2×3】
319,ロイヤルテーブル,優美な装飾が目を引くテーブル。
【サイズ:2×1】
320,ロイヤルソファ,優美な装飾が目を引くソファ。
【サイズ:2×1】【向き変更可】
321,ロイヤルラック,優美な装飾が目を引く収納家具。
【サイズ:1×2】
322,ロイヤルラージシェルフ,優美な装飾が目を引く横長の本棚。
【サイズ:2×3】
323,ロイヤルクロック,優美な装飾が目を引く振り子時計。
【サイズ:1×2】
324,ロイヤルサイドデスク,優美な装飾が目を引くサイドデスク。
【サイズ:1×1】
325,ロイヤルミニボックス,優美な装飾が目を引く小型の収納箱。
【サイズ:1×1】
326,ロイヤルカーテン,優美な装飾が目を引くカーテン付きの窓。
【サイズ:1×2】【タイプ変更可】
327,ロイヤルミラー,優美な装飾が目を引く大鏡。
【サイズ:1×2】
328,,
329,ミルクチェア,清潔感のある真っ白な椅子。
【サイズ:1×1】【向き変更可】
330,ミルクデスク,清潔感のある真っ白なミニデスク。
【サイズ:1×1】
331,ミルクベッド,清潔感のある真っ白な大型ベッド。
【サイズ:2×3】
332,ミルクテーブル,清潔感のある真っ白なテーブル。
【サイズ:2×1】【向き変更可】
333,ミルクローテーブル,清潔感のある真っ白なローテーブル。
【サイズ:2×1】【向き変更可】
334,ミルクソファ,清潔感のある真っ白なソファ。
【サイズ:2×1】【向き変更可】
335,ミルクボード,清潔感のある真っ白なボード。
【サイズ:2×1】
336,,
337,ミルクキャビネット,清潔感のある真っ白なキャビネット。
【サイズ:1×2】
338,ミルクフロアライト,清潔感のある真っ白な照明器具。
【サイズ:1×2】
339,ネオンチェア,ネオンライトがクールな椅子。
【サイズ:1×1】【向き変更可】
340,ネオンデスク,ネオンライトがクールなミニデスク。
【サイズ:1×1】
341,ネオンベッド,ネオンライトがクールな大型ベッド。
【サイズ:2×3】
342,ネオンテーブル,ネオンライトがクールなテーブル。
【サイズ:2×1】【向き変更可】
343,ネオンローテーブル,ネオンライトがクールなローテーブル。
【サイズ:2×1】【向き変更可】
344,ネオンソファ,ネオンライトがクールなソファ。
【サイズ:2×1】【向き変更可】
345,ネオンボード,ネオンライトがクールなボード。
【サイズ:2×1】
346,,
347,ネオンキャビネット,ネオンライトがクールなキャビネット。
【サイズ:1×2】
348,ネオンフロアライト,ネオンライトがクールな照明器具。
【サイズ:1×2】
349,マインディーシート,MDCR本社内で使用されていた無骨な椅子。
【サイズ:1×2】【向き変更可】
350,マインディーテーブル,MDCR本社内で使用されていた無骨なテーブル。
【サイズ:2×1】【向き変更可】
351,マインディークロゼット,MDCR本社内で使用されていた無骨なクロゼット。
【サイズ:1×2】
352,マインディーデバイス,MDCR本社内で使用されていた無骨な制御装置。
【サイズ:1×2】
353,マインディーデバイスB,MDCR本社内で使用されていた無骨な制御装置。
【サイズ:1×2】
354,マインディーデバイスC,MDCR本社内で使用されていた無骨な制御装置。
【サイズ:1×2】
355,マインディーコンソール,MDCR本社内で使用されていた無骨な制御装置。
【サイズ:2×1】【向き変更可】
356,マインディーディスプレイ,MDCR本社内で使用されていた無骨な液晶機器。
【サイズ:2×2】
357,マインディーターミナル,MDCR本社内で使用されていた無骨な操作端末。
【サイズ:2×2】
358,スティールチューブ,工場のような雰囲気を醸し出す鉄製チューブ。
【サイズ:1×2】
359,エレクトロタンク,素人が触ったら感電しそうな蓄電装置。
【サイズ:1×2】
360,エレクトロハッチ,素人が触ったら感電しそうな制御装置。
【サイズ:1×2】
361,ライトニングモニター,最先端技術で作られた大型モニター。
【サイズ:3×2】
362,サイバーコンソール,最新技術で作られたハイスペックコンピューター。
【サイズ:1×2】【Twitter接続】
363,タワーアンテナ,電波を受信するためのタワー型アンテナ。
【サイズ:1×3】
364,リペアマシン,最新技術で作られた治癒装置。
【サイズ:1×2】
365,モノクロムパネル,モノクロカラーがカッコいいウォールパネル。
【サイズ:2×2】
366,ダイニングラック,生活感のある居間を演出する小型収納家具。
【サイズ:2×2】
367,ダイニングラックB,生活感のある居間を演出する小型収納家具。
【サイズ:2×2】
368,ダイニングシェルフ,生活感のある居間を演出する収納家具。
【サイズ:2×2】
369,ダイニングシェルフB,生活感のある居間を演出する収納家具。
【サイズ:2×2】
370,ダイニングボード,生活感のある居間を演出する大型収納家具。
【サイズ:2×2】
371,ダイニングボードB,生活感のある居間を演出する大型収納家具。
【サイズ:2×2】
372,,
373,ブラウンミニラック,温かみのある天然木を使用した小型収納家具。
【サイズ:1×2】
374,ブラウンミニラックB,温かみのある天然木を使用した小型収納家具。
【サイズ:1×2】
375,ブラウンラックA,温かみのある天然木を使用した収納家具。
【サイズ:1×2】
376,ブラウンラックB,温かみのある天然木を使用した収納家具。
【サイズ:1×2】
377,ブラウンボード,温かみのある天然木を使用した収納家具。
【サイズ:2×2】
378,ブラウンラージチェスト,温かみのある天然木を使用した大型収納家具。
【サイズ:2×2】
379,ブラウンラージシェルフA,温かみのある天然木を使用した大型本棚。
【サイズ:2×2】
380,ブラウンラージシェルフB,温かみのある天然木を使用した大型本棚。
【サイズ:2×2】
381,,
382,フワンソーワソファ,フワンソーワ学院特注のソファ。
【サイズ:2×1】【向き変更可】
383,フワンソーワテーブル,フワンソーワ学院特注のテーブル。
【サイズ:2×1】【向き変更可】
384,フワンソーワシェルフ,フワンソーワ学院特注の収納家具。
【サイズ:2×2】
385,フワンソーワウィンドウ,フワンソーワ学院特注の窓。
【サイズ:1×2】
386,,
387,アカデミーデスク,フワンソーワ学院特注の机。
【サイズ:3×2】
388,アカデミークロック,フワンソーワ学院特注の振り子時計。
【サイズ:1×2】
389,アカデミーキャンドル,フワンソーワ学院特注の燭台。
【サイズ:1×2】
390,アカデミーシェルフ,フワンソーワ学院特注の本棚。
【サイズ:1×2】
391,アカデミーライブラリ,フワンソーワ学院特注の大型本棚。
【サイズ:4×4】
392,アカデミーシェーマ,フワンソーワ学院特注の壁掛図式。
【サイズ:2×2】
393,アカデミーストーブ,フワンソーワ学院特注の暖房器具。
【サイズ:2×2】
394,,
395,バースツール,空間的な魅力を象徴する酒屋の丸椅子。
【サイズ:1×1】
396,バックバー,空間的な魅力を象徴する酒屋の後ろ棚。
【サイズ:2×2】
397,バーシェルフ,マスター、いつもの
【サイズ:2×2】
398,バーシェルフL,マスター、いつもの
【サイズ:1×2】
399,バーシェルフR,マスター、いつもの
【サイズ:1×2】
400,ウォールバーシェルフ,壁に設置するバックバー。
【サイズ:2×1】
401,カウンターキャンドル,カウンターに温かみを与える蝋燭。
【サイズ:1×1】
402,,
403,バーカウンター,カウンター用にデザインされたデスク。
【サイズ:1×1】
404,ハウスバー,設置するだけでお洒落なバーが完成する。
【サイズ:3×4】
405,レトロレコーダー,シックな旧式音響機器。
【サイズ:1×1】【BGM再生可】
406,バゲージ,無造作に積まれた荷物。
【サイズ:1×2】
407,バゲージB,無造作に積まれた荷物。
【サイズ:1×2】
408,バゲージC,無造作に積まれた荷物。
【サイズ:1×2】
409,たる,たる
【サイズ:1×1】
410,たるB,たる
【サイズ:1×1】
411,つぼ,つぼ
【サイズ:1×1】
412,ワイルドボックス,船内用の収納箱。
【サイズ:1×1】
413,ワイルドボックスB,船内用の収納箱。
【サイズ:1×1】
414,ライフボックス,木製の箱。シンプルで扱いやすい収納家具。
【サイズ:1×1】
415,ライフボックスB,木製の箱。シンプルで扱いやすい収納家具。
【サイズ:1×1】
416,ライフボックスC,木製の箱。シンプルで扱いやすい収納家具。
【サイズ:1×1】
417,ライフボックスD,木製の箱。シンプルで扱いやすい収納家具。
【サイズ:1×1】
418,ライフバスケット,手作りのカゴ。シンプルで扱いやすい収納家具。
【サイズ:1×1】
419,ライフバスケットB,手作りのカゴ。シンプルで扱いやすい収納家具。
【サイズ:1×1】
420,ライフバスケットC,手作りのカゴ。シンプルで扱いやすい収納家具。
【サイズ:1×1】
421,カラーポーション,メルヘンな劇薬。4種類のカラーバリエーションがある。
【サイズ:1×1】
422,カラーポーションB,メルヘンな劇薬。4種類のカラーバリエーションがある。
【サイズ:1×1】
423,カラーポーションC,メルヘンな劇薬。4種類のカラーバリエーションがある。
【サイズ:1×1】
424,カラーポーションD,メルヘンな劇薬。4種類のカラーバリエーションがある。
【サイズ:1×1】
425,ライフタオル,タオル地の布で作られた手ぬぐい。
【サイズ:1×1】
426,ハードブレッド,食べさせる気が無いかのような強度を誇るパン。
【サイズ:1×2】
427,レトロブラシ,自然素材で作られた旧式掃除用具。
【サイズ:1×2】
428,ウォールシェルフ,天然木で作られた壁に飾る収納家具。
【サイズ:2×1】
429,ウォールシェルフB,天然木で作られた壁に飾る収納家具。
【サイズ:2×1】
430,ウォールシェルフC,天然木で作られた壁に飾る収納家具。
【サイズ:2×1】
431,ウォールラック,天然木で作られた壁に飾る収納家具。
【サイズ:2×1】
432,ウォールラックB,天然木で作られた壁に飾る収納家具。
【サイズ:2×1】
433,ウォールプラント,部屋を鮮やかに彩る壁掛け観葉植物。
【サイズ:1×1】
434,ウォールプラントB,部屋を鮮やかに彩る壁掛け観葉植物。
【サイズ:1×1】
435,ウォールプラントC,部屋を鮮やかに彩る壁掛け観葉植物。
【サイズ:1×1】
436,上部リビングテーブル,大きなテーブル。2パーツ構成の組み立て式。
【サイズ:2×1】【タイプ変更可】
437,下部リビングテーブル,大きなテーブル。2パーツ構成の組み立て式。
【サイズ:2×1】【タイプ変更可】
438,上部リビングテーブルB,大きなテーブル。2パーツ構成の組み立て式。
【サイズ:2×1】【タイプ変更可】
439,下部リビングテーブルB,大きなテーブル。2パーツ構成の組み立て式。
【サイズ:2×1】【タイプ変更可】
440,上部リビングテーブルC,大きなテーブル。2パーツ構成の組み立て式。
【サイズ:2×1】【タイプ変更可】
441,下部リビングテーブルC,大きなテーブル。2パーツ構成の組み立て式。
【サイズ:2×1】【タイプ変更可】
442,上部リビングテーブルD,大きなテーブル。2パーツ構成の組み立て式。
【サイズ:2×1】【タイプ変更可】
443,下部リビングテーブルD,大きなテーブル。2パーツ構成の組み立て式。
【サイズ:2×1】【タイプ変更可】
444,上部リビングテーブルE,大きなテーブル。2パーツ構成の組み立て式。
【サイズ:2×1】【タイプ変更可】
445,下部リビングテーブルE,大きなテーブル。2パーツ構成の組み立て式。
【サイズ:2×1】【タイプ変更可】
446,テーブルクロス,大きなテーブルや横長のデスクにも対応したクロス。
【サイズ:2×1】【タイプ変更可】
447,テーブルクロスB,大きなテーブルや横長のデスクにも対応したクロス。
【サイズ:2×1】【タイプ変更可】
448,テーブルクロスC,大きなテーブルや横長のデスクにも対応したクロス。
【サイズ:2×1】【タイプ変更可】
449,テーブルクロスD,大きなテーブルや横長のデスクにも対応したクロス。
【サイズ:2×1】【タイプ変更可】
450,テーブルクロスE,大きなテーブルや横長のデスクにも対応したクロス。
【サイズ:2×1】【タイプ変更可】
451,,
452,グリモワルライン,大量の魔導書。全て覚えていますよね？
【サイズ:2×1】【向き変更可】
453,グリモワルタワー,大量の魔導書。全て覚えていますよね？
【サイズ:1×3】
454,グリモワルウォール,大量の魔導書。全て覚えていますよね？
【サイズ:2×2】
455,グリモワルマウンテン,大量の魔導書。全て覚えていますよね？
【サイズ:2×3】
456,アルケムケトル,錬金術士が用いる謎の大釜。
【サイズ:3×3】
457,ドレッサー,シンプルで使いやすいドレッサー。
【サイズ:1×2】
458,スタンドミラー,シンプルで使いやすい鏡。
【サイズ:1×2】
459,フロアスタンド,シンプルで使いやすいスタンドライト。
【サイズ:1×2】
460,フロアキャンドル,シンプルで使いやすい燭台。
【サイズ:1×2】
461,レトロキャンドル,シンプルで使いやすい燭台。
【サイズ:1×2】
462,デスクランプ,シンプルで使いやすいテーブルライト。
【サイズ:1×1】
463,フラスコランプ,フラスコの中で炎が揺らぐお洒落な照明器具。
【サイズ:1×1】
464,ポールハンガー,シャープなシルエットがカッコいい洋服掛け。
【サイズ:1×2】
465,ウッドパーテーション,木製の落ち着いた色合いの間仕切り。
【サイズ:1×2】【タイプ変更可】
466,ワインラック,ワイン好きの為のワイン専用収納ラック。
【サイズ:1×1】
467,セーフティーボックス,ダイヤモンドよりも硬い金庫。
【サイズ:1×1】
468,ライターライブラリ,物書きの机を演出できる本と紙の山。
【サイズ:2×1】
469,アルケミストツール,錬金術師の机を演出できる器具と資料の山。
【サイズ:2×1】
470,チャートデスク,船内で使用される航海図と机のセット。
【サイズ:3×2】
471,,
472,ビルダーチェスト,職人用の道具が収納された大型収納家具。
【サイズ:3×2】
473,ビルダーチェストB,職人用の道具が収納された大型収納家具。
【サイズ:3×2】
474,ビルダーチェストC,職人用の道具が収納された大型収納家具。
【サイズ:3×2】
475,ビルダーチェストD,職人用の道具が収納された大型収納家具。
【サイズ:3×2】
476,,
477,リフレスプラント,お洒落な部屋作りには欠かせない観葉植物。
【サイズ:1×2】
478,リフレスプラントB,お洒落な部屋作りには欠かせない観葉植物。
【サイズ:1×2】
479,リフレスプラントC,お洒落な部屋作りには欠かせない観葉植物。
【サイズ:1×2】
480,リフレスプラントD,お洒落な部屋作りには欠かせない観葉植物。
【サイズ:1×2】
481,リフレスプラントE,お洒落な部屋作りには欠かせない観葉植物。
【サイズ:1×2】
482,リフレスプラントF,お洒落な部屋作りには欠かせない観葉植物。
【サイズ:1×2】
483,リフレスプラントG,お洒落な部屋作りには欠かせない観葉植物。
【サイズ:1×2】
484,リフレスプラントH,お洒落な部屋作りには欠かせない観葉植物。
【サイズ:1×2】
485,リフレスプラントI,お洒落な部屋作りには欠かせない観葉植物。
【サイズ:1×2】
486,,
487,バリエーションベッド,低反発クッションが好評の高級ベッド。種類が豊富。
【サイズ:1×2】
488,バリエーションベッドB,低反発クッションが好評の高級ベッド。種類が豊富。
【サイズ:1×2】
489,バリエーションベッドC,低反発クッションが好評の高級ベッド。種類が豊富。
【サイズ:1×2】
490,バリエーションベッドD,低反発クッションが好評の高級ベッド。種類が豊富。
【サイズ:1×2】
491,バリエーションベッドE,低反発クッションが好評の高級ベッド。種類が豊富。
【サイズ:1×2】
492,バリエーションベッドF,低反発クッションが好評の高級ベッド。種類が豊富。
【サイズ:1×2】
493,バリエーションベッドG,低反発クッションが好評の高級ベッド。種類が豊富。
【サイズ:1×2】
494,バリエーションベッドH,低反発クッションが好評の高級ベッド。種類が豊富。
【サイズ:1×2】
495,パッツァ,食卓を彩る美味しい食べ物。
【サイズ:1×1】
496,チキングリル,食卓を彩る美味しい食べ物。
【サイズ:1×1】
497,アマズダンゴ,食卓を彩る美味しい食べ物。
【サイズ:1×1】
498,フルーツバスケット,食卓を彩る美味しい食べ物。
【サイズ:1×1】
499,豚の丸焼き,食卓を彩る美味しい食べ物。
【サイズ:1×1】
500,ホールケーキ,食卓を彩る美味しい食べ物。
【サイズ:1×1】
501,ピッツァ,食卓を彩る美味しい食べ物。
【サイズ:1×1】
502,ムニエル,食卓を彩る美味しい食べ物。
【サイズ:1×1】
503,アップルパイ,食卓を彩る美味しい食べ物。
【サイズ:1×1】
504,ピラフ,食卓を彩る美味しい食べ物。
【サイズ:1×1】
505,ラーメン,食卓を彩る美味しい食べ物。
【サイズ:1×1】
506,オ・ナーベ,食卓を彩る美味しい食べ物。
【サイズ:1×1】
507,オ・スーシ,食卓を彩る美味しい食べ物。
【サイズ:1×1】
508,ブ・レッド,食卓を彩る美味しい食べ物。
【サイズ:1×1】
509,ス・テーキ,食卓を彩る美味しい食べ物。
【サイズ:1×1】
510,,
511,カーテンレール,ダブルカーテン用のカーテンレール。
【サイズ:1×2】
512,ダブルカーテン,種類が豊富な美しい装飾のカーテン。
【サイズ:1×2】【タイプ変更可】
513,ダブルカーテンB,種類が豊富な美しい装飾のカーテン。
【サイズ:1×2】【タイプ変更可】
514,ダブルカーテンC,種類が豊富な美しい装飾のカーテン。
【サイズ:1×2】【タイプ変更可】
515,ダブルカーテンD,種類が豊富な美しい装飾のカーテン。
【サイズ:1×2】【タイプ変更可】
516,ダブルカーテンE,種類が豊富な美しい装飾のカーテン。
【サイズ:1×2】【タイプ変更可】
517,ダブルカーテンF,種類が豊富な美しい装飾のカーテン。
【サイズ:1×2】【タイプ変更可】
518,,
519,パレスピラー,厳かな造りの芸術的な柱。
【サイズ:1×2】
520,パレスピラーB,厳かな造りの芸術的な柱。
【サイズ:1×2】
521,パレスピラーC,厳かな造りの芸術的な柱。
【サイズ:1×2】
522,パレスピラーD,厳かな造りの芸術的な柱。
【サイズ:1×2】
523,パレスピラーE,厳かな造りの芸術的な柱。
【サイズ:1×2】
524,,
525,クラフティングシェルフ,匠人の仕事道具が並ぶ収納家具。
【サイズ:2×2】
526,クラフティングボード,匠人の作品を見る事が出来る掲示板。
【サイズ:2×2】【Twitter接続】
527,クラフティングボックス,匠人の仕事道具が詰め込まれた木箱。
【サイズ:1×2】
528,クラフティングボックスB,匠人の仕事道具が詰め込まれた木箱。
【サイズ:1×2】
529,クラフティングクレーン,匠人の仕事に使用されるクレーン。
【サイズ:1×2】
530,,
531,ザブトン,昔ながらの民芸調デザインのクッションマット。
【サイズ:1×1】
532,ザブトンB,昔ながらの民芸調デザインのクッションマット。
【サイズ:1×1】
533,キリダンス,昔ながらの民芸調デザインのタンス。
【サイズ:2×1】
534,カケジク,昔ながらの民芸調デザインの掛軸。
【サイズ:2×1】
535,カケジクB,昔ながらの民芸調デザインの掛軸。
【サイズ:2×1】
536,ブツダン,昔ながらの民芸調デザインの仏壇。
【サイズ:2×3】
537,オフトン,昔ながらの民芸調デザインの寝具。
【サイズ:1×2】
538,イロリ,昔ながらの民芸調デザインの調理器具。
【サイズ:3×3】
539,イロリカギ,昔ながらの民芸調デザインの調理器具。
【サイズ1×3】
540,ビョウブ,昔ながらの民芸調デザインの間仕切り。
【サイズ4×3】
541,ビョウブB,昔ながらの民芸調デザインの間仕切り。
【サイズ4×3】
542,フスマ,昔ながらの民芸調デザインの引き戸。
【サイズ1×2】
543,フスマB,昔ながらの民芸調デザインの引き戸。
【サイズ1×2】
544,ショウジ,昔ながらの民芸調デザインの引き戸。
【サイズ1×2】
545,アンドン,昔ながらの民芸調デザインの照明機器。
【サイズ1×1】
546,レトロテレヴィジョン,電波を受信し、映像を出力する旧式の映像器具。
【サイズ1×1】
547,テレヴィジョン,電波を受信し、映像を出力する魔法の映像器具。
【サイズ1×1】
548,ワイド・テレヴィジョン,電波を受信し、映像を出力する魔法の映像器具。
【サイズ2×1】
549,ﾊｲﾊﾟｰ・ﾃﾚｳﾞｨｼﾞｮﾝ,電波を受信し、映像を出力する魔法の映像器具。
【サイズ3×2】
550,セルフウォーター,交換式のタンクから飲料水を供給する機器。
【サイズ1×2】
551,オフィスロッカー,企業等で使用される板金製の収納家具。
【サイズ1×2】
552,ショーカ・マシン,火災を消す為の消防用設備。
【サイズ1×2】
553,マイクロオーブン,電磁波により食品を加熱させる調理器具。
【サイズ1×1】
554,ノートパソコン,最新の軽量PC。どこでもMO4が出来そう。
【サイズ1×1】【向き変更可】【Twitter接続】
555,デスクパソコン,最新のデスクトップ型PC。進捗どうですか？
【サイズ1×1】【Twitter接続】
556,ドローイングデバイス,イラストレーターが使用するタブレット。
【サイズ1×1】
557,ラジオユニット,ラジカセと呼ばれる音響機器。
【サイズ1×1】【BGM再生可】
558,コンパクトスピーカー,音楽をパワフルに響かせる音響機器。
【サイズ1×1】
559,2Wayスピーカー,音楽をパワフルに響かせる音響機器。
【サイズ1×1】
560,モニタースピーカー,作曲者・演奏者が使用する音響機器。
【サイズ1×2】
561,エキサイトスピーカー,フロアを沸かせる超大出力の音響機器。DropBass!!
【サイズ1×3】
562,ネオンライトスピーカー,ブルーのライトがクールな音響機器。
【サイズ1×1】
563,DJブース,フロアを沸かせるDJコントローラー。
【サイズ3×1】【BGM再生可】
564,,
565,アップライトピアノ,垂直に弦やﾊﾝﾏｰが配置された場所をとらない鍵盤楽器。
【サイズ3×2】
566,グランディアピアノ,弦を水平方向に張った大型3脚の鍵盤楽器。
【サイズ3×2】
567,チェロ,西洋音楽で使われる弦楽器の一種。
【サイズ1×2】
568,ハープ,西洋音楽で使われる弦鳴楽器の一種。
【サイズ1×2】
569,ティンパニ,西洋音楽で使われる打楽器の一種。
【サイズ1×2】
570,オーケストスタンド,楽団が演奏に使用する譜面台。
【サイズ1×1】
571,ロックギター,攻撃的な音色を奏でる弦楽器。
【サイズ1×1】
572,ロックベース,ヘビーな重低音を奏でる弦楽器。
【サイズ1×1】
573,ロックマイク,ボーカル用の拡声器。魂が擦り切れるまで唄え！！
【サイズ1×1】
574,ロックドラム,腹の底に響き渡る重低音を奏でる打楽器。
【サイズ3×2】
575,シンセサイザー,サイバーチックなサウンドを奏でる電子鍵盤楽器。
【サイズ3×1】
576,ギターアンプ,楽器から出力された電子信号を増幅する音響機器。
【サイズ1×1】
577,ベースアンプ,楽器から出力された電子信号を増幅する音響機器。
【サイズ1×2】
578,,
579,センタクマシン,衣類を選択するための家電機器。
【サイズ1×1】
580,レイチェスト,食べ物を長持ちさせるために開発された家電機器。
【サイズ1×2】
581,シャワールーム,身も心も洗い流す昔ながらのシャワー。
【サイズ2×2】
582,レトロバスタブ,スチームパンクな旧式のバスタブ。
【サイズ2×1】
583,レトロシンク,スチームパンクな旧式の洗面台。
【サイズ2×1】
584,,
585,クラシックマット,部屋の雰囲気を引き締めるマット。
【サイズ4×3】
586,クラシックマットB,部屋の雰囲気を引き締めるマット。
【サイズ4×3】
587,クラシックマットC,部屋の雰囲気を引き締めるマット。
【サイズ4×3】
588,クラシックマットD,部屋の雰囲気を引き締めるマット。
【サイズ4×3】
589,エレガントマット,部屋の雰囲気を引き締めるマット。
【サイズ4×3】
590,エレガントマットB,部屋の雰囲気を引き締めるマット。
【サイズ4×3】
591,エレガントマットC,部屋の雰囲気を引き締めるマット。
【サイズ4×3】
592,モダンマット,部屋の雰囲気を引き締めるマット。
【サイズ4×3】
593,モダンマットB,部屋の雰囲気を引き締めるマット。
【サイズ4×3】
594,モダンマットC,部屋の雰囲気を引き締めるマット。
【サイズ4×3】
595,オリエントタタミ,かぐわしい自然の香りが和のおもてなし。
【サイズ4×3】
596,デンジャーフロア,危ない雰囲気を醸し出す金網の床。
【サイズ4×3】
597,,
598,ストレンジボンベ,見るからにヤバそうなボンベ。
【サイズ1×1】
599,ストレンジラック,見るからにヤバそうなボンベが詰まったラック。
【サイズ2×1】
600,ストレンジチェア,見るからにヤバそうな実験装置。
【サイズ1×2】
601,ストレンジコンソール,見るからにヤバそうな制御装置。
【サイズ2×1】
602,ストレンジモニター,見るからにヤバそうな表示装置。
【サイズ2×1】
603,ストレンジハッチ,見るからにヤバそうな制御装置。
【サイズ1×1】
604,ストレンジハッチB,見るからにヤバそうな制御装置。
【サイズ1×1】
605,ストレンジデバイス,見るからにヤバそうな制御装置。
【サイズ1×1】
606,ストレンジデバイスB,見るからにヤバそうな制御装置。
【サイズ1×2】
607,ストレンジゲート,見るからにヤバそうな遮断設備。
【サイズ2×2】
608,ストレンジマーカー,見るからにヤバそうな警告マーカー。
【サイズ1×1】
609,ストレンジマーカーB,見るからにヤバそうな警告マーカー。
【サイズ1×1】
610,アレンジアイビー,壁に飾る装飾用の落葉性植物。
【サイズ1×2】
611,アレンジアイビーB,壁に飾る装飾用の落葉性植物。
【サイズ1×2】
612,プラントフラワー,植木に植えられた観賞用の花。
【サイズ1×1】
613,プラントフラワーB,植木に植えられた観賞用の花。
【サイズ1×1】
614,,
615,ｳｫｰﾙｽｷﾝ・ｳｯﾄﾞ,壁を一部改装し、理想の部屋作りを可能にする。
【サイズ1×2】【タイプ変更可】
616,ｳｫｰﾙｽｷﾝ・ｳｯﾄﾞB,壁を一部改装し、理想の部屋作りを可能にする。
【サイズ1×2】【タイプ変更可】
617,ｳｫｰﾙｽｷﾝ・ｳｯﾄﾞC,壁を一部改装し、理想の部屋作りを可能にする。
【サイズ1×2】【タイプ変更可】
618,ｳｫｰﾙｽｷﾝ・ｳｯﾄﾞD,壁を一部改装し、理想の部屋作りを可能にする。
【サイズ1×2】【タイプ変更可】
619,ｳｫｰﾙｽｷﾝ・ｸﾗｼｯｸ,壁を一部改装し、理想の部屋作りを可能にする。
【サイズ1×2】【タイプ変更可】
620,ｳｫｰﾙｽｷﾝ・ｸﾗｼｯｸB,壁を一部改装し、理想の部屋作りを可能にする。
【サイズ1×2】【タイプ変更可】
621,ｳｫｰﾙｽｷﾝ・ｸﾗｼｯｸC,壁を一部改装し、理想の部屋作りを可能にする。
【サイズ1×2】【タイプ変更可】
622,ｳｫｰﾙｽｷﾝ・ｸﾗｼｯｸD,壁を一部改装し、理想の部屋作りを可能にする。
【サイズ1×2】【タイプ変更可】
623,ｳｫｰﾙｽｷﾝ・ｴﾚｶﾞﾝﾄ,壁を一部改装し、理想の部屋作りを可能にする。
【サイズ1×2】【タイプ変更可】
624,ｳｫｰﾙｽｷﾝ・ｴﾚｶﾞﾝﾄB,壁を一部改装し、理想の部屋作りを可能にする。
【サイズ1×2】【タイプ変更可】
625,ｳｫｰﾙｽｷﾝ・ｴﾚｶﾞﾝﾄC,壁を一部改装し、理想の部屋作りを可能にする。
【サイズ1×2】【タイプ変更可】
626,ｳｫｰﾙｽｷﾝ・ｽﾄｰﾝ,壁を一部改装し、理想の部屋作りを可能にする。
【サイズ1×2】【タイプ変更可】
627,ｳｫｰﾙｽｷﾝ・ｽﾄｰﾝB,壁を一部改装し、理想の部屋作りを可能にする。
【サイズ1×2】【タイプ変更可】
628,ｳｫｰﾙｽｷﾝ・ｽﾄｰﾝC,壁を一部改装し、理想の部屋作りを可能にする。
【サイズ1×2】【タイプ変更可】
629,ｳｫｰﾙｽｷﾝ・ﾛｲﾔﾙ,壁を一部改装し、理想の部屋作りを可能にする。
【サイズ1×2】【タイプ変更可】
630,ｳｫｰﾙｽｷﾝ・ﾛｲﾔﾙB,壁を一部改装し、理想の部屋作りを可能にする。
【サイズ1×2】【タイプ変更可】
631,ｳｫｰﾙｽｷﾝ・ｽﾄﾚﾝｼﾞ,壁を一部改装し、理想の部屋作りを可能にする。
【サイズ1×2】【タイプ変更可】
632,ｳｫｰﾙｽｷﾝ・ｽﾄﾚﾝｼﾞB,壁を一部改装し、理想の部屋作りを可能にする。
【サイズ1×2】【タイプ変更可】
633,ｳｫｰﾙｽｷﾝ・ｵﾘｴﾝﾄ,壁を一部改装し、理想の部屋作りを可能にする。
【サイズ1×2】【タイプ変更可】
634,ｳｫｰﾙｽｷﾝ・ﾗｲﾌﾞﾗﾘ,壁を一部改装し、理想の部屋作りを可能にする。
【サイズ1×2】【タイプ変更可】
635,,
636,,
637,ギャンブルテーブル,命を懸けた勝負師達の戦場。
【サイズ3×2】
638,ビリヤードテーブル,ビリヤードの台。絶対に飲食物を置いてはいけない。
【サイズ3×2】
639,ルーレットテーブル,カジノの女王とも呼ばれ、回転する円盤を用いたゲーム。
【サイズ3×2】
640,スロッター,コインで動作するギャンブル用ゲーム筐体。
【サイズ1×2】
641,ACゲームマシン,ｱﾐｭｰｽﾞﾒﾝﾄ施設等に設置された業務用ゲーム筐体。
【サイズ1×2】
642,ミニルーレット,小型のインテリア用ルーレット。
【サイズ1×1】
643,ダーツボード,小型のダーツボード。コルク製の為、消耗品。
【サイズ1×1】
644,ジュークボックス,硬貨を投入する事で音楽を再生する自動販売機の一種。
【サイズ1×2】【BGM再生可】
645,,
646,インテリアピクチャ,小型の絵画。部屋のアクセントに
【サイズ1×1】
647,インテリアピクチャB,小型の絵画。部屋のアクセントに
【サイズ1×1】
648,インテリアピクチャC,小型の絵画。部屋のアクセントに
【サイズ1×1】
649,インテリアピクチャD,小型の絵画。部屋のアクセントに
【サイズ1×1】
650,インテリアピクチャE,小型の絵画。部屋のアクセントに
【サイズ1×1】
651,インテリアピクチャF,小型の絵画。部屋のアクセントに
【サイズ1×1】
652,インテリアピクチャG,小型の絵画。部屋のアクセントに
【サイズ1×1】
653,インテリアピクチャH,小型の絵画。部屋のアクセントに
【サイズ1×1】
654,インテリアピクチャI,小型の絵画。部屋のアクセントに
【サイズ2×1】
655,インテリアピクチャJ,小型の絵画。部屋のアクセントに
【サイズ2×1】
656,インテリアピクチャK,小型の絵画。部屋のアクセントに
【サイズ2×1】
657,ホモビ型ロボットの名画,ホモビ型ロボットが描かれた大きな絵画。
【サイズ3×3】
658,,
659,アーティストラグ,とあるアーティストによる敷物。踏めない。
【サイズ4×3】Designer:さんのた
660,アーティストラグB,とあるアーティストによる敷物。踏めない。
【サイズ4×3】Designer:シバシ
661,アーティストラグC,とあるアーティストによる敷物。踏めない。
【サイズ4×3】Designer:そめちめ
662,アーティストラグD,とあるアーティストによる敷物。踏めない。
【サイズ4×3】Designer:sema
663,アーティストラグE,とあるアーティストによる敷物。踏めない。
【サイズ4×3】Designer:白妙もやし
664,アーティストラグF,とあるアーティストによる敷物。踏めない。
【サイズ4×3】Designer:いまさうおさ
665,アーティストラグG,とあるアーティストによる敷物。踏めない。
【サイズ4×3】Designer:？
666,アーティストラグH,とあるアーティストによる敷物。踏めない。
【サイズ4×3】Designer:？
667,アーティストラグI,とあるアーティストによる敷物。踏めない。
【サイズ4×3】Designer:？
668,カリグラ・ショドー,美しい東洋の造形芸術。
【サイズ3×1】
669,カリグラ・ショドーB,美しい東洋の造形芸術。
【サイズ3×1】
670,カリグラ・ショドーC,美しい東洋の造形芸術。
【サイズ3×1】
671,カリグラ・ショドーD,美しい東洋の造形芸術。
【サイズ3×1】
672,カリグラ・ショドーE,美しい東洋の造形芸術。
【サイズ3×1】
673,カリグラ・ショドーF,美しい東洋の造形芸術。
【サイズ3×1】
674,マテリアル・ショドー,美しい東洋の造形芸術。シグキンモチーフ。
【サイズ3×1】
675,マテリアル・ショドーB,美しい東洋の造形芸術。バチキンモチーフ。
【サイズ3×1】
676,マテリアル・ショドーC,美しい東洋の造形芸術。Jackモチーフ。
【サイズ3×1】
677,マテリアル・ショドーD,美しい東洋の造形芸術。マリキンモチーフ。
【サイズ3×1】
678,マテリアル・ショドーE,美しい東洋の造形芸術。フサキンモチーフ。
【サイズ3×1】
679,マテリアル・ショドーF,美しい東洋の造形芸術。シュミタロウモチーフ。
【サイズ3×1】
680,オシャカ・ショドー,美しい東洋の造形芸術。「天上天下唯我独尊」
【サイズ3×1】
681,,
682,,
683,クラス・トロフィー【M】,皆伝試練を突破した者に送られる輝くトロフィー。
【サイズ1×2】
684,クラス・トロフィー【O】,ﾏｻﾞｲﾌﾛﾝﾃｨｱを制覇した者に送られる輝くトロフィー。
【サイズ1×2】
685,クラス・トロフィー【4】,偉業を成し遂げた者に送られる輝くトロフィー。
【サイズ1×2】
686,スノードール,溶けない魔法の雪で作られた氷像。
【サイズ:1×1】
687,,
688,,
689,ネオチータ・アグ,飼育用の虐待羊。何があっても起きない。
【サイズ:1×1】
690,フサーケン・タンク,飼育用のフサーケン。暇そう。
【サイズ:2×2】
691,シャウティング・マリ,飼育用のマリキオス。防音室での飼育を推奨。
【サイズ:1×2】
692,,
693,,
694,ホモビ・ドール,ホモビ型ロボットを忠実に再現したレプリカ。
【サイズ:2×2】
695,トゥルン・ドール,ﾌﾟﾙｰﾄｩﾙﾝﾄｩﾙﾝを忠実に再現したレプリカ。
【サイズ:4×4】
696,ヘルハウンド・ドール,ヘルハウンドを忠実に再現したレプリカ。
【サイズ:4×4】
697,ヴァニタス・ドール,ヴァニタスを忠実に再現したレプリカ。
【サイズ:8×8】
698,カタストロフィ・ドール,カタストロフィを1/4で再現したレプリカ。
【サイズ:12×14】
699,憎しみ,その全てが『『『憎しみ』』』なんだ
【サイズ:憎×憎】
700,戻る,ルームユニットの設置をキャンセルします。
701,,
702,時渡の箱：シグキン,謎の箱だ。
703,時渡の箱：バチキン,謎の箱だ。
704,時渡の箱：オツキン,謎の箱だ。
705,時渡の箱：シュミタロウ,謎の箱だ。
706,時渡の箱：Jack,謎の箱だ。
707,時渡の箱：氷虎,謎の箱だ。
708,時渡の箱：マリキン,謎の箱だ。
709,時渡の箱：フサキン,謎の箱だ。
710,時渡の箱：あづキン,謎の箱だ。
711,時渡の箱：エクレア,謎の箱だ。
712,時渡の箱：アクシズ,謎の箱だ。
713,時渡の箱：カシキン,謎の箱だ。
714,時渡の箱：ざくろ,謎の箱だ。
715,時渡の箱：フク郎,謎の箱だ。
716,時渡の箱：ウイエ,謎の箱だ。
717,時渡の箱：荒川,謎の箱だ。
718,時渡の箱：太陽,謎の箱だ。
719,,
720,トリップカード,マスタべ温泉宿の女将が主催する
スタンプラリーのカード。
721,モロバレポート,どこでも何度でもセーブできる奇跡の手帳。
ショートカット：\{\I[6713]\}
722,キネーシスカード,メサイアパレスで入手したカードキー。
723,ダクトの鍵A,メサイアパレスで入手した小型の鍵。
724,ダクトの鍵B,メサイアパレスで入手した小型の鍵。
725,ダクトの鍵C,メサイアパレスで入手した小型の鍵。
726,超サッチュボンバ,敵全体に大ダメージ。虫系のエネミーに効果絶大！
【物:\I[6142]】
727,超チャフボンバ,敵全体に大ダメージ。マシン系のエネミーに効果絶大！
【物:\I[6142]】
728,,
729,クエイクボンバ,道をふさぐ巨大な岩を爆破できる。
730,戻る,
731,超クエイクボンバ,道をふさぐ巨大な岩を爆破できる。
相当な強度を誇る岩石をも 破壊する爆発力を持つ。
732,ゼロオニキス,レアリティ:\C[17]★★★★
\C[0]山脈の高層でのみ生成される邪気払いの石。
733,エルドランド,レアリティ:\C[17]★★★★
\C[0]黄金の輝きを魅せる発見例の少ない結晶体。
734,ドエロサイト,レアリティ:\C[17]★★★★
\C[0]いやしい心情を察知すると爆発する危険物質。
735,メビウストーン,レアリティ:\C[17]★★★★
\C[0]浄化のエネルギーが凝縮された天然の宝石。
736,バリカタナイト,レアリティ:\C[17]★★★★
\C[0]ドライアイスのような強烈な冷気を放つ希少な魔石。
737,ガンギマリウム,レアリティ:\C[17]★★★★
\C[0]マザイアナイトの濃度が極限まで高くなった宝石。
738,ロートルマリン,レアリティ:\C[17]★★★★
\C[0]美しい紅色は長生きのパワーが秘められている。
739,アマゾンヌ原石,レアリティ:\C[17]★★★★
\C[0]深海のような深みのある蒼が美しい貴重な天然石。
740,オロロオーロラ,レアリティ:\C[17]★★★★
\C[0]二日酔いに強くなるという七色に輝く宝石。
741,,
742,コイン\V[423]枚,
743,コイン\V[423]枚,\V[771]連チャン！！
744,コイン\V[423]枚,SST 終了！
\V[771]連チャン継続し、\V[773]枚 勝利した！
745,コイン\V[423]枚,S　S　T 　突　入　！　！
746,30000BP,
747,刑務所,
748,100000BP,
749,アチチシリンダー,攻撃用の魔剤。敵単体に熱爆属性のダメージを与える。
【魔:\I[6120]】
750,ビリリシリンダー,攻撃用の魔剤。敵単体に雷撃属性のダメージを与える。
【魔:\I[6122]】
751,ゴゴゴシリンダー,攻撃用の魔剤。敵単体に風撃属性のダメージを与える。
【魔:\I[6123]】
752,カチチシリンダー,攻撃用の魔剤。敵単体に氷撃属性のダメージを与える。
【魔:\I[6124]】
753,ゴボボシリンダー,攻撃用の魔剤。敵単体に水撃属性のダメージを与える。
【魔:\I[6121]】
754,上マザイ,味方一人のMPを 50回復する。
755,上赤マザイ,味方一人の攻撃力を二段階 強化する。
すこし早めに使用できる。
756,上青マザイ,味方一人の防御力を二段階 強化する。
すこし早めに使用できる。
757,上アチチシリンダー,攻撃用の魔剤。敵単体に熱爆属性のダメージを与える。
【魔:\I[6120]】
758,上ビリリシリンダー,攻撃用の魔剤。敵単体に雷撃属性のダメージを与える。
【魔:\I[6122]】
759,上ゴゴゴシリンダー,攻撃用の魔剤。敵単体に風撃属性のダメージを与える。
【魔:\I[6123]】
760,上カチチシリンダー,攻撃用の魔剤。敵単体に氷撃属性のダメージを与える。
【魔:\I[6124]】
761,上ゴボボシリンダー,攻撃用の魔剤。敵単体に水撃属性のダメージを与える。
【魔:\I[6121]】
762,超アチチシリンダー,攻撃用の魔剤。敵単体に熱爆属性のダメージを与える。
【魔:\I[6120]】
763,超ビリリシリンダー,攻撃用の魔剤。敵単体に雷撃属性のダメージを与える。
【魔:\I[6122]】
764,超ゴゴゴシリンダー,攻撃用の魔剤。敵単体に風撃属性のダメージを与える。
【魔:\I[6123]】
765,超カチチシリンダー,攻撃用の魔剤。敵単体に氷撃属性のダメージを与える。
【魔:\I[6124]】
766,超ゴボボシリンダー,攻撃用の魔剤。敵単体に水撃属性のダメージを与える。
【魔:\I[6121]】
767,禁忌の錬成教本,超級錬成が可能になる禁断の教本。
768,メタリカシリンダー,攻撃用の魔剤。メタルボディにダメージを与える。
【魔:\I[6142]】
769,ボンバシリンダー,用途不明の劇薬。
かつてない程のパワーを感じるが、戦闘には使えなそう。
770,トーチカカプセル,使用ターンの間、味方一人を鉄壁状態にする。
ターンを消費せず 即発動する。 \C[21]所持数制限:3
771,ウルトラソウルポーション,味方一人をマジギレ覚醒させる。
ターンを消費せず 即発動する。 \C[21]所持数制限:3
772,,
773,フォトフレームA,フレーム『ショコラパニッシャー』が使用できる。
774,フォトフレームB,フレーム『キメキメハリケーン』が使用できる。
775,フォトフレームC,フレーム『オスシサイクロン』が使用できる。
776,フォトフレームD,フレーム『サルバト・レイ』が使用できる。
777,フォトフレームE,フレーム『漢の一品』が使用できる。
778,フォトフレームF,フレーム『アクシズハウス』が使用できる。
779,フォトフレームG,フレーム『ババア行くぞ！！』が使用できる。
780,,
781,フォトフレームH,フレーム『カレーパンマリキンBB』が使用できる。
782,,
783,,
784,マザフロコイン:キル,マザイフロンティア優勝者に贈られる記念コイン。
785,マザフロコイン:イツキ,マザイフロンティア優勝者に贈られる記念コイン。
786,マザフロコイン:フィコ,マザイフロンティア優勝者に贈られる記念コイン。
787,マザフロコイン:オサール,マザイフロンティア優勝者に贈られる記念コイン。
788,マザフロコイン:後輩,マザイフロンティア優勝者に贈られる記念コイン。
789,マザフロコイン:ガブキン,マザイフロンティア優勝者に贈られる記念コイン。
790,マザフロコイン:ギンガ,マザイフロンティア優勝者に贈られる記念コイン。
791,マザフロコイン:ジェルカ,マザイフロンティア優勝者に贈られる記念コイン。
792,マザフロコイン:シン&シオリ,マザイフロンティア優勝者に贈られる記念コイン。
793,♪Lilium,サウンドテストに『Lilium』が追加される。
794,♪KILLER MACHINE,サウンドテストに『KILLER MACHINE』が追加される。
795,♪Dominator-X,サウンドテストに『Dominator-X』が追加される。
796,,
797,,
798,,
799,,
800,エクストリガー,ボックス・対戦相手に『メサイアパレス』で出現した
エネミーが出現するようになる。
801,,
802,,
803,,
804,GPポスター,DJライブイベント開催を記念したデザインアート。
【サイズ:2×2】
805,GPバックモニター,ライブを彩るGPロゴが映し出されたモニター。
【サイズ:3×2】
806,限界ネコ,ネコと和解せよ
【サイズ:1×1】
807,ロング限界ネコ,ネコと和解せよ
【サイズ:1×2】
808,,
809,レッドダイヤモンド,トライアルを突破した者に贈られる
ダイヤモンド。
810,オレンジダイヤモンド,トライアルを突破した者に贈られる
ダイヤモンド。
811,イエローダイヤモンド,トライアルを突破した者に贈られる
ダイヤモンド。
812,グリーンダイヤモンド,トライアルを突破した者に贈られる
ダイヤモンド。
813,ブルーダイヤモンド,トライアルを突破した者に贈られる
ダイヤモンド。
814,パープルダイヤモンド,トライアルを突破した者に贈られる
ダイヤモンド。
815,ピンクダイヤモンド,トライアルを突破した者に贈られる
ダイヤモンド。
816,ブラックダイヤモンド,トライアルを突破した者に贈られる
ダイヤモンド。
817,,
818,100000EXP,
819,100000BP,
820,コール,試作
821,アナライズレフ,試作
822,,
823,ヌルマ珠,熱を帯びた宝珠。錬成の材料に使えそう。
824,ヤケド珠,熱を帯びた宝珠。錬成の材料に使えそう。
825,シャクネツ珠,熱を帯びた宝珠。錬成の材料に使えそう。
826,,
827,ピリリ珠,電気を帯びた宝珠。錬成の材料に使えそう。
828,シビレ珠,電気を帯びた宝珠。錬成の材料に使えそう。
829,デンゲキ珠,電気を帯びた宝珠。錬成の材料に使えそう。
830,,
831,ソヨカゼ珠,風のチカラが込められた宝珠。錬成の材料に使えそう。
832,レップウ珠,風のチカラが込められた宝珠。錬成の材料に使えそう。
833,ハリケン珠,風のチカラが込められた宝珠。錬成の材料に使えそう。
834,,
835,ツメテ珠,冷気をまとった宝珠。錬成の材料に使えそう。
836,ドライ珠,冷気をまとった宝珠。錬成の材料に使えそう。
837,キンキン珠,冷気をまとった宝珠。錬成の材料に使えそう。
838,,
839,ナガレ珠,水を産み出す宝珠。錬成の材料に使えそう。
840,オボレ珠,水を産み出す宝珠。錬成の材料に使えそう。
841,シンカイ珠,水を産み出す宝珠。錬成の材料に使えそう。
842,,
843,エンデ・ドリル,三倍の量の鉱石を採掘できる最後のツルハシ。
破壊確率･10%
844,,
845,ナナメサンドセット,ナナメサンドの食材を割安で梱包したパッケージ。
846,ニテツおにぎりセット,ニテツおにぎりの食材を割安で梱包したパッケージ。
847,コナイラーメンセット,コナイラーメンの食材を割安で梱包したパッケージ。
848,ダンドリーチキンセット,ダンドリーチキンの食材を割安で梱包したパッケージ。
849,モニングトーストセット,モニングトーストの食材を割安で梱包したパッケージ。
850,マキタマゴセット,マキタマゴの食材を割安で梱包したパッケージ。
851,シラユリオムライスセット,シラユリオムライスの食材を割安で梱包したパッケージ。
852,モリモリハンバーグセット,モリモリハンバーグの食材を割安で梱包したパッケージ。
853,アオリイカの丸焼きセット,アオリイカの丸焼きの食材を割安で梱包したパッケージ。
854,ペロスカトーレセット,ペロスカトーレの食材を割安で梱包したパッケージ。
855,パカパカパッツァセット,パカパカパッツァの食材を割安で梱包したパッケージ。
856,にんじんフルコースセット,にんじんフルコースの食材を割安で梱包したパッケージ。
857,パカパルカレーセット,パカパルカレーの食材を割安で梱包したパッケージ。
858,オサルポテトパイセット,オサルポテトパイの食材を割安で梱包したパッケージ。
859,,
860,5000BP,
861,10000BP,
862,,
863,短小色鉛筆さん,短小色鉛筆さん
【サイズ:1×1】
864,みかんゼリーさん,みかんゼリーさん
【サイズ:1×1】
865,マザイゼリーさん,マザイゼリーさん
【サイズ:1×1】
866,ｵﾍﾟｱﾝﾌﾟｸﾜｶﾞﾀさん,ｵﾍﾟｱﾝﾌﾟｸﾜｶﾞﾀさん
【サイズ:1×2】
867,ﾕﾘﾚｲｽﾞｵｵｶﾌﾞﾄさん,ﾕﾘﾚｲｽﾞｵｵｶﾌﾞﾄさん
【サイズ:1×2】
868,ジャーマンさん,ジャーマンさん
【サイズ:1×2】
869,直送ワゴン,特産品を購入できる機能的なワゴン。
【サイズ:3×2】
870,地球,太陽系の惑星。様々な生物が存在する。
【サイズ:3×3】
871,木星,太陽系の惑星。ガスを主成分とするガス惑星に分類される。
【サイズ:4×4】
872,土星,太陽系の惑星。木星に次いで2番目に大きな惑星。
【サイズ:8×5】
873,太陽,太陽系の惑星。推測年齢約46億年。
【サイズ:16×16】
874,ﾌﾞﾗｯｸ･ﾎｰﾙ,光でさえも 脱出不能の天体。
【サイズ:知らん】
875,ジリジリさん,ジリジリさん
【サイズ:1×2】
876,ﾌﾞﾙｰｼｰｶｰさん,ﾌﾞﾙｰｼｰｶｰさん
【サイズ:1×2】
877,クソマムシさん,クソマムシさん
【サイズ:1×2】
878,捕食者さん,捕食者さん
【サイズ:1×2】
879,おマンティスさん,おマンティスさん
【サイズ:1×2】
880,ﾛｰｽﾞﾊﾝﾀｰさん,ﾛｰｽﾞﾊﾝﾀｰさん
【サイズ:1×2】
881,タチバサミさん,タチバサミさん
【サイズ:1×1】
882,ｼｭｰｼｪｰﾚさん,ｼｭｰｼｪｰﾚさん
【サイズ:1×1】
883,ポメさん,ポメさん
【サイズ:1×1】
884,メタポメさん,メタポメさん
【サイズ:1×1】
885,金ポメさん,金ポメさん
【サイズ:1×1】
886,,
887,スロカスコープ,ミリオンスロット終了時に子役当選数を表示できる。
888,インビテレター,マザイフロンティア挑戦時、決勝戦において
指名した コンダクターが 確率で出現する。(50%)
889,【\V[767]回転目】ｺｲﾝ5枚,\V[767]回転！
890,【\V[767]回転目】ｺｲﾝ50枚,
891,【\V[767]回転目】ｺｲﾝ500枚,\V[767]回転！
892,\V[3]パシリEXP,現在のパシリEXP：\V[480]
893,\V[1]パシリEXP,現在のパシリEXP：\V[480]
894,\V[1]BP,現在所持BP：\V[212]
895,ｾﾌﾞﾝｳｫｰｶｰさん,ｾﾌﾞﾝｳｫｰｶｰさん
【サイズ:1×2】
896,ﾂｧｰﾘｳｫｰｶｰさん,ﾂｧｰﾘｳｫｰｶｰさん
【サイズ:1×2】
897,ﾅｲﾁﾝｹﾞｰﾙさん,ﾅｲﾁﾝｹﾞｰﾙさん
【サイズ:1×2】
898,ｱﾏｿﾞﾝﾏｼﾝさん,ｱﾏｿﾞﾝﾏｼﾝさん
【サイズ:1×2】
899,ｵﾘｼﾞﾝﾎﾞﾝﾊﾞさん,ｵﾘｼﾞﾝﾎﾞﾝﾊﾞさん
【サイズ:1×2】
900,ﾏｺﾄﾆｱｻﾞﾄｰｽさん,ﾏｺﾄﾆｱｻﾞﾄｰｽさん
【サイズ:1×2】
901,十六夜,沼達の専用武装を模したインテリア。
【サイズ:1×1】
902,特殊弾薬ｷﾘﾝｸﾞﾎﾟｯｷｰ,沼達の専用武装を模したインテリア。
【サイズ:1×1】
903,スペアマテリア,沼達の専用武装を模したインテリア。
【サイズ:1×1】
904,シークレットレシピ,沼達の専用武装を模したインテリア。
【サイズ:1×1】
905,キングペーパー,沼達の専用武装を模したインテリア。
【サイズ:1×1】
906,ザ・ツール,沼達の専用武装を模したインテリア。
【サイズ:1×1】
907,リビングプリカ,沼達の専用武装を模したインテリア。
【サイズ:1×1】
908,エラ呼吸の書,沼達の専用武装を模したインテリア。
【サイズ:1×1】
909,緋電の矢筒,沼達の専用武装を模したインテリア。
【サイズ:1×1】
910,インジェクト･ハイ,沼達の専用武装を模したインテリア。
【サイズ:1×1】
911,ハードヘドンホ,沼達の専用武装を模したインテリア。
【サイズ:1×1】
912,ゴールドポット,沼達の専用武装を模したインテリア。
【サイズ:1×1】
913,ピンキーシンガー,沼達の専用武装を模したインテリア。
【サイズ:1×1】
914,オールブレンド,沼達の専用武装を模したインテリア。
【サイズ:1×1】
915,ストーリーテラー,沼達の専用武装を模したインテリア。
【サイズ:1×1】
916,秘蔵の巻寿司,沼達の専用武装を模したインテリア。
【サイズ:1×1】
917,パワー聖書,沼達の専用武装を模したインテリア。
【サイズ:1×1】
918,,
919,,
920,突起物王者さん,突起物王者さん
【サイズ:1×3】
921,,
922,小型グレネード,兵士の亡骸から頂戴した小型爆弾
923,上ジャスミンマザイ,味方一人のHPを 200回復し、
ｲﾝﾌﾙ･ﾔｸ漬･催眠･頭痛･目潰し･封印･ﾃﾞﾌﾞを回復する。
924,,
925,退職届さん,退職届さん
【サイズ:1×1】
926,給料袋さん,給料袋さん
【サイズ:1×1】
927,ﾌｪｱﾘｰじゃっくさん,ﾌｪｱﾘｰじゃっくさん
【サイズ:1×1】
928,ﾅｲﾁﾝｹﾞｰﾙｵﾒｶﾞさん,ﾅｲﾁﾝｹﾞｰﾙｵﾒｶﾞさん
【サイズ:1×2】
929,ｶｵｽﾁﾝﾊﾟﾝｼﾞｰさん,ｶｵｽﾁﾝﾊﾟﾝｼﾞｰさん
【サイズ:1×2】
930,くもざくろさん,くもざくろさん
【サイズ:1×1】
931,ユリクネさん,ユリクネさん
【サイズ:1×1】
932,ざくろ猫さん,ざくろ猫さん
【サイズ:1×1】
933,ｱﾙﾌｧﾄﾛﾌｨさん,ｱﾙﾌｧﾄﾛﾌｨさん
【サイズ:1×1】
934,ｻﾃﾗｲﾄﾊﾞﾍﾞﾙさん,ｻﾃﾗｲﾄﾊﾞﾍﾞﾙさん
【サイズ:1×1】
935,ｶﾚｰﾊﾟﾝﾏﾘｷﾝさん,ｶﾚｰﾊﾟﾝﾏﾘｷﾝさん
【サイズ:1×1】
936,ﾍﾟｲﾝﾌﾞﾚｰﾄﾞさん,ﾍﾟｲﾝﾌﾞﾚｰﾄﾞさん
【サイズ:1×1】
937,ﾘﾝｺﾞﾙｺﾞｰﾝさん,ﾘﾝｺﾞﾙｺﾞｰﾝさん
【サイズ:1×1】
938,アザポッドさん,アザポッドさん
【サイズ:1×2】
939,ｽｰﾊﾟｰｼﾞﾘｼﾞﾘさん,ｽｰﾊﾟｰｼﾞﾘｼﾞﾘさん
【サイズ:1×2】
940,ﾌｧﾝﾀｺﾌﾞﾗさん,ﾌｧﾝﾀｺﾌﾞﾗさん
【サイズ:1×2】
941,,
942,,
943,ﾌﾛｯｸﾞｼｸﾞﾏさん,ﾌﾛｯｸﾞｼｸﾞﾏさん
【サイズ:1×2】
944,,
945,,
946,,
947,,
948,石堀り男さん,石堀り男さん
【サイズ:1×2】
949,詫び石マンさん,詫び石マンさん
【サイズ:1×1】
950,ﾅﾅﾎｼｸﾞﾏさん,ﾅﾅﾎｼｸﾞﾏさん
【サイズ:1×1】
951,,
952,,
953,,
954,,
955,,
956,,
957,,
958,,
959,,
960,,
961,,
962,,
963,,
964,,
965,,
966,パンチラキャラメル,ジャミウォックが 常に隠し持っている 甘いキャラメル。
967,捕食者全書,捕食者の 対処法などが 細かに記された本。
968,防水ゲーム機,アザゲーターの 口内に住んでいる ジャーマンの私物。
969,ホットオイル,アラクスが 愛飲している 温かいオイル。無糖。
970,汽水湖の伝説,ネオチータ汽水湖で ごくまれに発見される
海龍の ヒレのようなもの。寿司のにおいがする。
971,アメイジングミルク,カルシウムが異常に含まれている 高級牛乳。
飲んだ翌日は 成長痛で 動けなくなる。
972,賢者の廃棄物,紐で括られている 随分と古びた 書物の束。
表紙には エッチなお姉さんが 描かれている。
973,,
974,超クスネルハンド,モンスターから アイテムを 採取するための手袋。
以前の 倍の精度を 誇るが、過信は禁物。
975,,
976,,
977,,
978,,
979,,
980,,
